Job Title,Company,Link
Science LAB Assistant,LACAS SCHOOL NETWORK,/rc/clk?jk=075cb97c525f8753&bb=3acUX7FecYrtmkb49tsI49VrjU4EQnbqiv5PaPA6-0_z1LBtwrImuCJy2DXgu8wqY4tAYvnmAQEEEMR_smlqEzi5n7hWvLdoqdMqgLBsuNE%3D&xkcb=SoDM67M3DbSUYrwNHx0LbzkdCdPP&fccid=ee76956a450a0ee3&cmp=LACAS-SCHOOL-NETWORK&ti=Laboratory+Assistant&vjs=3
Microsoft Excel Expert,Progressive Resource,/rc/clk?jk=ca30fa0935fdfc32&bb=3acUX7FecYrtmkb49tsI4x52C17GmEuh8EhfhfU9Gf2sD50DOgw4DfaNKWJlpjL6Wil5VewBhGH72HQ-exzLiyqMIsB37WHolBkYEMH368g%3D&xkcb=SoB467M3DbSUYrwNHx0KbzkdCdPP&fccid=3dddca18de1202aa&cmp=Progressive-Resource&ti=Microsoft+Excel+Expert&vjs=3
Admin Officer,The University of Lahore,/rc/clk?jk=14ee818fb1c66447&bb=3acUX7FecYrtmkb49tsI47IxjxUoi7zv4UOLn9Iur0P6l_ZFf48-3jVeRGHJYP5FAf02BDumUD8N1nXHd9Q9-ssrY8qSpDf3kxy5Dq1A_d8%3D&xkcb=SoDl67M3DbSUYrwNHx0JbzkdCdPP&fccid=a3e6fa62089b75e8&cmp=The-University-of-Lahore&ti=Administrative+Officer&vjs=3
Creative Content Writer,Adequate Solutions,/rc/clk?jk=4fe01630a3dbbaca&bb=3acUX7FecYrtmkb49tsI47V6vJtwLNqvmC3RsKgmLl0j9Nb2cKaJTn7wJf1VrbSco2cEsCtnb04WF72k7qcU8MQhmZi1U7wKV4doVPAO5X8%3D&xkcb=SoBR67M3DbSUYrwNHx0IbzkdCdPP&fccid=b6ef26ed0bb4ee47&cmp=ADEQUATE-SOLUTIONS&ti=Content+Writer&vjs=3
Associate Data Scientist,i2c inc.,/rc/clk?jk=d023edfdbd0f3669&bb=3acUX7FecYrtmkb49tsI42_NeADubVv9kOapnS4Yl_YrQetOr5J8Wbx1fPTwJEUD23W-3jT6n-6ge6PNM-AfwHkPXBDIzOrO4lxkID3jtiw%3D&xkcb=SoDf67M3DbSUYrwNHx0PbzkdCdPP&fccid=64038196ee98fb05&vjs=3
Academic Research writer(remote),Massive Dynamics Co. Ltd,/rc/clk?jk=0dfb7e4d69cd698f&bb=3acUX7FecYrtmkb49tsI49kaXW1811kcnzBbr7qtTK1O0cwH3ffbt374SFqGViV_6l4ibkt1j2E-m5w_QEzIba54Q8ZH9LlMckk6y2gTWzs%3D&xkcb=SoBr67M3DbSUYrwNHx0ObzkdCdPP&fccid=d7bb9f8f625889b9&cmp=watim-dental-college-%2526-Hospital%28Rawat%29-Islamabad&ti=Writer&vjs=3
Business Data Analyst - Remote Job/ WFH,Fresh Futures Global,/rc/clk?jk=7ddc8914bd146c56&bb=3acUX7FecYrtmkb49tsI40OoVkTtmJcylZ9uiHTTfd8DnWLwvl_54Nmcmz76egxhcZO2XOgAw-un9iH2MNtiQZuglqipo0kiYwZGi0BbBlw%3D&xkcb=SoD267M3DbSUYrwNHx0NbzkdCdPP&fccid=449b7346df9bf924&vjs=3
Big Data Engineer,Megastruck,/rc/clk?jk=10bc62c80671930a&bb=3acUX7FecYrtmkb49tsI42vgT3O24i26W1R5f9_gf25ZlxiAjgXMG4odnvhWPRkTBsifjCZqXJJWSsjR1D5KASOEwkhO2l-nfAAaddBU2E0%3D&xkcb=SoBC67M3DbSUYrwNHx0MbzkdCdPP&fccid=abc911584c68191a&cmp=Megastruck&ti=Data+Engineer&vjs=3
Data Scientist (SQL Server),Karma Software Solutions (Pvt) Ltd,/rc/clk?jk=034be35cdc803a1a&bb=3acUX7FecYrtmkb49tsI4_ex7GqRfLmaAkTmJRq1r4-w9X9PPPhzlNd16nSZT__Y9_n6Duw7kjqXxbQjOeP7c1gNgZ4ZGUqH8R5VsK_CIRM%3D&xkcb=SoBC67M3DbSUYqQNHx0LbzkdCdPP&fccid=8065e82ecbfac92e&cmp=Karma-Software-Solutions-%28Pvt%29-Ltd&ti=Data+Scientist&vjs=3
Graduate Data Science Engineer,TEKENABLE,/rc/clk?jk=d32dc7f771e17f49&bb=3acUX7FecYrtmkb49tsI4_sE7YXhz0aiE0Ut42VYJAnqdRYsL1y5NtRJY6J1UdAB5LX8Kmnhg2Yk1cFl3pQEQbwlHMZNZYSiSyq1IXzvM5Y%3D&xkcb=SoD267M3DbSUYqQNHx0KbzkdCdPP&fccid=c843c3ddba4e5622&vjs=3
Graduate Data Science Engineer,TecNext,/pagead/clk?mo=r&ad=-6NYlbfkN0B2e5EdipR-WC5_evq-gnEZbiA90G0a1m6ohXjxFwNI43NXV5gBBQC43l-D0FEDWpU2wRHcHnCQIKDTVet8zMUaiHmWW3QMyElBImUk8GD2xzvIU-xD3Du9au5ZuPHR525myHNVFG3GKP0Fy05nsJwg7LQluJdlweD3vQlLxKdRYH7PDdfu_zIcRAuR___5-gzVuCfZ04tk2DVTj3XbmwT0yKltdAbF_p2yzNlGKYxPQGNeD4WoSd3somo8O4DZRfoAZ8U3vQlato6Hfujx0fMWh6RwrVuhy4olSSkqreVD-RoW8lmzPTrUVCMlqbXRFzeEWGlkkLUJxkKz4VkU6I7SV9nvVjeIxMinqoO0xmRe1mJm9OLCIn8PfbaS0mBzJgQvi65ioEZalutxvT7tB6YYAiZnLMefK6Y2LiEpDIEGM7kHA0ekNRwbB--Omd22Fk1V37tgBRmCZHojd06aWoNbITkvMKyerbw9hVCzOQwebD0WsdmdbEyNlvf9giSi2aTonpqPlubbyYkIx_DZxdfoeO7Tn6bAhTwlpFBIKhlZCvYCG7CyfQVrxO_aZUqeh9mxCeLAEJlvk1J651AhxqdQEXtPw8cFKgRFFRsFm_xU-pOICFMY1obSxMLYDSF83wc=&xkcb=SoCf6_M3DbSUYqQNHx0JbzkdCdPP&camk=f416UQcMBpAHTJ2kzJW4Hw==&p=10&fvj=1&vjs=3
Internship in Python,digicon valley,/rc/clk?jk=f35fbe333080ba9a&bb=3acUX7FecYrtmkb49tsI46Z0FetnfdZ5MDpYhxxN2KLP9hEehCrnM3PLxklQ2gGkEayLrH4R4lqShi9AmyOF6pspIPDVeBIN1J4fIvXR5kQ%3D&xkcb=SoDf67M3DbSUYqQNHx0IbzkdCdPP&fccid=39f0870eea7d6100&cmp=digicon-valley&ti=Intern&vjs=3
Data Analyst - Slickcall Mobile App,King Revolution Inc,/rc/clk?jk=9748329a2bbb6344&bb=3acUX7FecYrtmkb49tsI45rKLkPkwOpxZ-tNW9qfwvG5dDQYX2k_GXFUaHGNkbpFUN3CUj2N0G3E46SEUjxPSg4Z092Hk4lE8OladtdzueM%3D&xkcb=SoBR67M3DbSUYqQNHx0PbzkdCdPP&fccid=44168a67a91dd495&cmp=King-Revolution-Inc&ti=Data+Analyst&vjs=3
Laravel Internship,OTIF Solutions,/rc/clk?jk=ed2e32dae9b1d737&bb=3acUX7FecYrtmkb49tsI4-cKoFQNGzj_v-Hivdsryh0pZSHLQwV3ggk4vXQEq-MYBGH0tOTiMWNDNCkCYgBIyLlzQsERBcTLedp5aREYdoM%3D&xkcb=SoDl67M3DbSUYqQNHx0ObzkdCdPP&fccid=701063d0cb02bc4d&cmp=Otif-Solutions&ti=Intern&vjs=3
SEO Content Writer,KSM Media Hut,/rc/clk?jk=b4901f23b168c207&bb=3acUX7FecYrtmkb49tsI4yHGd51k3YN9BaRts-YNTwaJjSm7jNLeBr2vNkIAsFI-ZNV6TKZSCjq8YCajpvQlPdG5Qd9ynxMcEBHPkmoOA_A%3D&xkcb=SoB467M3DbSUYqQNHx0NbzkdCdPP&fccid=abb257f6f76fd46f&cmp=KSM-Media-Hut&ti=Content+Writer&vjs=3
Management Trainee Officer - IT,The University of Lahore,/rc/clk?jk=aa3cb36fa77c9766&bb=gaZObMdYoB7VPF_8BNlzWDF0Wumb9F4OKL6GLRu2O-5YCdXT249Z__dfJUHDv6kdIle4vPRLbtmAZ3MHiq8OhltyvTNvkUIxyo3pXcYN2cE%3D&xkcb=SoBf67M3DbSTVvwHJZ0LbzkdCdPP&fccid=a3e6fa62089b75e8&cmp=The-University-of-Lahore&ti=Management+Trainee&vjs=3
"Admission Officer - National Aerospace Science & Technology Park, Lahore Cantt.",Arfa Karim Technology Incubator,/rc/clk?jk=cd0f0b3fe39badc2&bb=gaZObMdYoB7VPF_8BNlzWFpi1H7lhiXuB6oSh6EZDGnbIZTgWkGOExdQlSAdRnphxJkkqbtQPy9Ki7wlDMOzJP9yOixl_sTMAM8cA4GoBTk%3D&xkcb=SoDr67M3DbSTVvwHJZ0KbzkdCdPP&fccid=bc7e2bd10339230a&cmp=Arfa-Karim-Technology-Incubator&ti=Admissions+Officer&vjs=3
ASE Internship,StackUp Technologies,/rc/clk?jk=1e6cb17fcc86a5c6&bb=gaZObMdYoB7VPF_8BNlzWHcjva6tQ8EK6OI2q12oQtQN_60Mcq4NwqtnxuiDiebxWUrOdcXRA16xBjdPW4UEudnv4N2XgPRMGrG_Rp8LXao%3D&xkcb=SoB267M3DbSTVvwHJZ0JbzkdCdPP&fccid=c87be3695f667258&cmp=StackUp-Technologies&ti=Intern&vjs=3
Data Scientist - Plutus21 Capital,Qureos Inc,/rc/clk?jk=14723f37e394643b&bb=gaZObMdYoB7VPF_8BNlzWE9Ywhdbk6V2x9BPtDLdhj1Y9ZWzxItgZR9u5-gQ6CiQShd84ZrbZjZ48yktmHyst4mHeU70M7LS_7VVFyqwEn4%3D&xkcb=SoDC67M3DbSTVvwHJZ0IbzkdCdPP&fccid=1f14d0072a3d2e63&vjs=3
S.E.O Manager,NetRoots Technologies,/rc/clk?jk=b752c99cf9837689&bb=gaZObMdYoB7VPF_8BNlzWPGdw4QpQhiudQs2VE5fSkfFTfDH3GuIaOpxIYgqc9_LizFoVkauT2V3mUoUZBmeHaTUiQ_vF3tu0irzobcU2sU%3D&xkcb=SoBM67M3DbSTVvwHJZ0PbzkdCdPP&fccid=515fca35990e4aa7&cmp=NetRoots-Technologies&ti=S.e.o+Manager&vjs=3
Internship in Python Data Science or AI Intern,digicon valley,/rc/clk?jk=539fc0eac0f87d93&bb=gaZObMdYoB7VPF_8BNlzWMdg-LfGD_QDjlRFqjnAgUdqHbg1afl994FSqsRSiQ6Ko8YtdACccbqc01Igc6OJKaWinx2JsUPtV7lCplp2eGs%3D&xkcb=SoD467M3DbSTVvwHJZ0ObzkdCdPP&fccid=39f0870eea7d6100&cmp=digicon-valley&ti=Data+Science+Intern&vjs=3
MTO Supply Chain,Cakes and Bakes,/rc/clk?jk=1934dfc57ed70d2c&bb=gaZObMdYoB7VPF_8BNlzWIzsfcB9t8t4wFan4W9olobcrgs6o6LJ0tOotAL0_ZScaRnqqoITO3I1xdDuP2QbabvDth2q5tZrJhBiSGreSjM%3D&xkcb=SoBl67M3DbSTVvwHJZ0NbzkdCdPP&fccid=37ab7f3c6a4711d0&vjs=3
Data Entry Operator,"Lahore, Punjab",/rc/clk?jk=1303d8a2e85f817e&bb=gaZObMdYoB7VPF_8BNlzWD8M48PyWS1MEtK_iUh3PiySu0ykJmYCV1j658VLQ1SuARgXDoDApT_FyAdrZbrTOv-kX4Jh3Jr0fyMCMxuXdjg%3D&xkcb=SoDR67M3DbSTVvwHJZ0MbzkdCdPP&fccid=990c03119e359648&vjs=3
Data Specialist,Hiring organization,/rc/clk?jk=18edd29f74f02ff0&bb=gaZObMdYoB7VPF_8BNlzWP7BZisBtToDQyHJCmfXW1M4CFFEDxF2T53PGLVHSePQ7sPflab6OqiLuzOepoHwFuO2_TRYBdTkji3OxZjvAH4%3D&xkcb=SoA467M3DbSTVvwHJZ0DbzkdCdPP&fccid=1ec2998a82010bb7&vjs=3
Internship - Software Engineering,Arkhitech,/rc/clk?jk=de5fe65bcdb903ec&bb=gaZObMdYoB7VPF_8BNlzWNjRB50KmVVsp01tGDkxVy55bfXwoz-ISMwVZDlWjO3DmS7SWiK9NZygQFeh-H_0klMqe0SVi4sViWGdUanIElA%3D&xkcb=SoCM67M3DbSTVvwHJZ0CbzkdCdPP&fccid=eb23fd4a81160c8f&vjs=3
Junior Data Base Developer,Core Edge Solution PVT LTD,/rc/clk?jk=52d703dc213add8d&bb=gaZObMdYoB7VPF_8BNlzWI0N26GY_hd3DEfkVjK6QiQ96EApqEJbLa4fldZIwcmzTozNs9w1EljG5YHH9GHua3Kt6YPaRCuP5ug8vrYkwoQ%3D&xkcb=SoAR67M3DbSTVvwHJZ0BbzkdCdPP&fccid=e4192e4954c63306&cmp=Core-Edge-Solution-PVT-LTD&ti=Junior+Developer&vjs=3
Administrative Assistant,United Nations Pakistan,/rc/clk?jk=ecbcc88f28d9ceca&bb=gaZObMdYoB7VPF_8BNlzWHcjva6tQ8EK81B5MGAmPgSzIV3TefI46nuZS8-qZGXoHBqRHE52ftzEETCLtzjgdzHLBfq444LQGY1dQuJH8Bk%3D&xkcb=SoCl67M3DbSTVvwHJZ0AbzkdCdPP&fccid=485eec79cceca3b1&vjs=3
Seo And Digital Marketing Assistant:,Info Resume Edge,/rc/clk?jk=4479dad471a0aa2e&bb=gaZObMdYoB7VPF_8BNlzWBiuPyC416TFaiQ0_9PMdTH565atM6qei5lwYQ-gwfcMM0wVhttfKSoY3BsUQyhiDIMvtybX07ZQmDWqG2zr7wo%3D&xkcb=SoAr67M3DbSTVvwHJZ0HbzkdCdPP&fccid=7aa81f237b9366e4&cmp=Info-Resume-Edge&ti=SEO+Specialist&vjs=3
Data Scraping Specialist,Absolute Mutual LLC,/rc/clk?jk=e20716a76d021846&bb=gaZObMdYoB7VPF_8BNlzWDd-wSxm6ezRVtr_fKjcUY9gU9W2kreF5zjRKrpXpFAs-tnyvI-4Zba1GZLfhZBZUda_C9R1mJVURgiIUYBSHwI%3D&xkcb=SoCf67M3DbSTVvwHJZ0GbzkdCdPP&fccid=a78d760926c37395&cmp=Python-Leads-Pvt.-Ltd.&ti=Data+Specialist&vjs=3
New Year Internships for University Students Only for 1 to 4 Semesters.,digicon valley,/rc/clk?jk=c15509694ad94fb6&bb=gaZObMdYoB7VPF_8BNlzWMCvLzJMMSUOLMTqfrFS5nsO_rxHVwu-kNDHddxkKY-g-VPLKwcRk-wusOP217j67YpcyBbdIAA8uvGidOC5Z9M%3D&xkcb=SoAC67M3DbSTVvwHJZ0FbzkdCdPP&fccid=39f0870eea7d6100&cmp=digicon-valley&ti=Student+Intern&vjs=3
Data Scraping Specialist,Absolute Mutual LLC,/rc/clk?jk=e20716a76d021846&bb=BeM3vSrZTy_EXC0K8OEt3chkOimuE45X4234ptkPD-kI5vMDfsAk8DhsIsmrM-XQKjY5DZi7ZuYsgadk-N-vz2IMCFczc6t49i4mjUBPYus%3D&xkcb=SoCs67M3DbSS_YQNJh0LbzkdCdPP&fccid=a78d760926c37395&cmp=Python-Leads-Pvt.-Ltd.&ti=Data+Specialist&vjs=3
Data Analyst,Smart Placement (Pvt) Ltd,/rc/clk?jk=809b79a94ff52290&bb=BeM3vSrZTy_EXC0K8OEt3RddAIKZm6bHDe-6-QOY8PJjuIoZoHyAna3CpFzNz3c-31IyQ08oNcDJfIFBCCL9lWArjSPhlOW96BO-D4snhiU%3D&xkcb=SoAY67M3DbSS_YQNJh0KbzkdCdPP&fccid=8d2c4609b71b6afd&cmp=Smart-Placement&ti=Data+Analyst&vjs=3
Manager - Data Analytics,Textiles / Garments,/rc/clk?jk=67552544cc1da878&bb=BeM3vSrZTy_EXC0K8OEt3fj8acMHv5XBnyqb8PLxnA-E5wQq6V6DqUu2shv1_Ncr8ljJP2oGuvvw6USsH-NRO_JKY6i-hhw_qfsoQqyW9Gc%3D&xkcb=SoCF67M3DbSS_YQNJh0JbzkdCdPP&fccid=d59429748b7781ee&cmp=Sale-%2526-Business-Development&ti=Analytics+Manager&vjs=3
Associate Software Engineer,Techcreatix,/rc/clk?jk=05ea79c9ccfe55e8&bb=BeM3vSrZTy_EXC0K8OEt3fj8acMHv5XBsNEZJoxxdgDXAj8thGohqmV6Up2LXfB6aARKBm8L3mHexxAVjFoWL_eW2ojlGLDyI3BmAIKjoPY%3D&xkcb=SoAx67M3DbSS_YQNJh0IbzkdCdPP&fccid=b47babe5af7eb5f4&cmp=Techcreatix&ti=Software+Engineer&vjs=3
Data Analyst,Ghazali Education Trust,/rc/clk?jk=810074e6ed8b04bd&bb=BeM3vSrZTy_EXC0K8OEt3RaUIFLtkvtXlGGJ8R2SPQbg3bdj29ypcpCRhYQK285Rj3JH2Pr_7t1kwehhMij1J92WfbxyUJ9AGXTsv7G9T4I%3D&xkcb=SoC_67M3DbSS_YQNJh0PbzkdCdPP&fccid=56ab5a43be1391f1&cmp=Ghazali-Education-Trust&ti=Data+Analyst&vjs=3
Network Administrator,TCP Software,/rc/clk?jk=74c99cd3c7816d4a&bb=BeM3vSrZTy_EXC0K8OEt3RJjX0dpmX0fsuBYhXRxZxrfyiO9HsQQ-fXJb4P-ZGgrERn_WquPoVX8KyoyrWXcMeeWLon5JxHGHYYaZMS96gI%3D&xkcb=SoAL67M3DbSS_YQNJh0ObzkdCdPP&fccid=82e95b0a62c053cd&vjs=3
Qualitative and Quantitative Research Analyst,eGeeks Global (Pvt) Limited,/rc/clk?jk=0f73e55926692bae&bb=BeM3vSrZTy_EXC0K8OEt3ey48zB11dJ2fxGzojhltR5_2Sxvc4--SxzqloTTPoIiBxtLdXwDEkEOul6BK2YZrhwfpAZEVFBPNGL3cBxQEaI%3D&xkcb=SoCW67M3DbSS_YQNJh0NbzkdCdPP&fccid=56398383833d6395&cmp=eGeeks&ti=Quantitative+Analyst&vjs=3
Data Scientist / Machine learning Engineer,Psi Square,/rc/clk?jk=e86bc0511a0fa316&bb=BeM3vSrZTy_EXC0K8OEt3d7D3AnhuaKctL1ZGuv588B_YqcftRnBd9aa8qHdRoebDJxVmh5YY7IhReWQ9JpQ8rCxplHkl4mej4r2Rjl-i8s%3D&xkcb=SoAi67M3DbSS_YQNJh0MbzkdCdPP&fccid=ddc1eef3c6638776&cmp=Psi-Square&ti=Machine+Learning+Engineer&vjs=3
Business Analyst,Topdot Pvt Ltd,/rc/clk?jk=3f85163858fbc3bd&bb=BeM3vSrZTy_EXC0K8OEt3fIlBStMBaRgISgpWLo1Ks1QwQyG4WtEcZ1OloitNhJdKd06Yk6F-LFhR-Etx2jh9r-OhrVCeF_BMLUxuMm9yNw%3D&xkcb=SoDL67M3DbSS_YQNJh0DbzkdCdPP&fccid=8f0ec679524e8b70&cmp=Topdot-Pvt-Ltd&ti=Business+Analyst&vjs=3
Server Administrator (m/f/d),EU Tech Chamber,/rc/clk?jk=966815dffc8a9e7f&bb=BeM3vSrZTy_EXC0K8OEt3YdzMNTreP0bjjozVdCfMzF7vlOMmWKaGMVya61ukxqoInaiCDEJMk64KXApPzyOgcvIndqwV39F3sQ52reEWgw%3D&xkcb=SoB_67M3DbSS_YQNJh0CbzkdCdPP&fccid=8b3d553a3891950d&vjs=3
Research Analyst,The Beaconhouse Times,/rc/clk?jk=dbe76a61fd726b3c&bb=BeM3vSrZTy_EXC0K8OEt3QjsBxagE7LveYSM3KXdyXt-yu2ywAoDlfySpoNSsQjxkX0Ka9MNETuhgmvI4iEr0cb215xLT8JWpB0vy17m5Bs%3D&xkcb=SoDi67M3DbSS_YQNJh0BbzkdCdPP&fccid=455d2e84cdd8b5eb&vjs=3
Business Analyst,3&four Technologies,/rc/clk?jk=67a1763a2f4a5bac&bb=BeM3vSrZTy_EXC0K8OEt3SYyd-UTjWTG_X7zb-8BKadmhA_trMbFx7SiiRNhV_6Pm_wA26cM73Un7Fv2iqIEQqktkwOHK4BkD5aH1vFJ6HY%3D&xkcb=SoBW67M3DbSS_YQNJh0AbzkdCdPP&fccid=c278eb9420004bf6&cmp=3%2526four-Technologies&ti=Business+Analyst&vjs=3
Client Coordinator,eGeeks Global (Pvt) Limited,/rc/clk?jk=4a290fe6c58ef95c&bb=BeM3vSrZTy_EXC0K8OEt3aFQ0u2xVKeFMYiFqV_9RfkGY56pWvACveEHfy9idgQHFPQx0Ztt1sw2oG8ZB_5dF6Dlw-6v8sjgbGjsCHrft_E%3D&xkcb=SoDY67M3DbSS_YQNJh0HbzkdCdPP&fccid=56398383833d6395&cmp=eGeeks&ti=Client+Coordinator&vjs=3
Content Writer,PREDAM Services (Pvt.) Ltd.,/rc/clk?jk=e471c449f6b2d95c&bb=BeM3vSrZTy_EXC0K8OEt3RQRvIBrEGhf1pYvebH9R_dtJMVjrafD69Fd4haHsLhMAsL0eqUKAtL7itxORa9niyaVWEjKicGdfwcmUmOXsRA%3D&xkcb=SoBs67M3DbSS_YQNJh0GbzkdCdPP&fccid=07d64a7259e55050&cmp=PREDAM-Services-%28Pvt.%29-Ltd.&ti=Content+Writer&vjs=3
"Intern (Admin, Finance, Data Analytics, GIS/Remote Sensing, Hydrology, Electrical, Electronics, Economics, and Monitoring & Evaluation",International Water Management Institute (IWMI),/rc/clk?jk=dc82c3868dd30a88&bb=BeM3vSrZTy_EXC0K8OEt3Ux393pRTo6pIYlFplBpmOMRz10rdl-Mbs1zo82UzMTXGQB2jHcMO6vICsPh1LDMuPVaZM95QuGH_s4YZBEVtpk%3D&xkcb=SoDx67M3DbSS_YQNJh0FbzkdCdPP&fccid=6b390915491083f5&vjs=3
Data Analyst,Sparking Asia,/rc/clk?jk=62f77c7c29b0d9c6&bb=gWU1snqWskUqSELhTpTZdNLNYBhXV1f3vSClR-wKL40fRvX6Cx7z8szrkRcBXRhZ4TNvB9bDQEkhX0lAB4N2yKX95kOhekvR1CQqR7grx2c%3D&xkcb=SoDm67M3DbSSLeQHKx0LbzkdCdPP&fccid=f83d89836e5b78fc&cmp=Sparking-Asia&ti=Data+Analyst&vjs=3
Trainee AI/ML Engineer,Avanceon MEA,/rc/clk?jk=aa84672630221cb4&bb=gWU1snqWskUqSELhTpTZdJOn5yHjmfUGykUagd9wP87SSmqaIf8JimYXarhj-QPmyHmvrGQ_ZgEYtzK3jS18bYg7X76ATe9qnh51mFVVr-A%3D&xkcb=SoBS67M3DbSSLeQHKx0KbzkdCdPP&fccid=09ba960c1f252172&vjs=3
Machine Learning Internship,Ezitech Institute,/rc/clk?jk=4bb6af9b6fc7cc08&bb=gWU1snqWskUqSELhTpTZdNCvY8tk6yMaSISr_xaWocVbMxY4tnnDUE1q-0lPjqmhvNa_KOT50bfes_YJtMoPlE5BoCgIwC-XmxgX-RaYs-o%3D&xkcb=SoDP67M3DbSSLeQHKx0JbzkdCdPP&fccid=8d47f38aa51a46ca&cmp=Ezitech-Institute&ti=Machine+Learning+Engineer&vjs=3
Associate SOC Analyst,CureMD Healthcare,/rc/clk?jk=66e6f25b4637b43d&bb=gWU1snqWskUqSELhTpTZdE0DDaom_NMTYYVNXOKzLEa_iTDxcW1UJlM6VxzGSCanl5Bha9hU2zVML1_YBJzgYwUO9OIKR3AAfrh9APtysgo%3D&xkcb=SoB767M3DbSSLeQHKx0IbzkdCdPP&fccid=31d158ce3cec7a12&vjs=3
"Data Scientist (Machine Learning, Deep Learning, Data Sciences)",PMS Pvt.Ltd,/rc/clk?jk=05f3747b9a83c210&bb=gWU1snqWskUqSELhTpTZdLcKfLtfZSj3Zi5A_a08pNWgcBuyM0CIqNHESGqOF23Ev0HctgB02gWMoeywCyMO9Js2aCeFLDuI6uxABf_jAd8%3D&xkcb=SoD167M3DbSSLeQHKx0PbzkdCdPP&fccid=f7b047af1d554827&cmp=PMS-%28Pvt.%29-Ltd.&ti=Data+Scientist&vjs=3
Web Scrapper Expert,TECH BPO PRIVATE LIMITED,/rc/clk?jk=92734015bfc889b2&bb=gWU1snqWskUqSELhTpTZdDhYizvRh4YB7A27qFzUW_EPx4_y_7Oe3agF4uLmoaqXhwgJNhQrJ3wT-4ayUCdbE_cJ1RgEMg6Y-cWDJAtZJUE%3D&xkcb=SoBB67M3DbSSLeQHKx0ObzkdCdPP&fccid=f56b23c86f4ffd59&cmp=Naelaesthetics&ti=Web+Scrapper+Expert&vjs=3
Database Administrator (SQL Server),CureMD Healthcare,/rc/clk?jk=7972567e4bae5200&bb=gWU1snqWskUqSELhTpTZdCM45nQT72Pwkbv1Fy163Lshb7tuVSjU8B4051L1CqCrz0H3SZrDwnsswxlNJSdl74Z4or3zVTwZTWPfcdgL7E0%3D&xkcb=SoDc67M3DbSSLeQHKx0NbzkdCdPP&fccid=31d158ce3cec7a12&vjs=3
SEO Expert,Kamboh Softec,/rc/clk?jk=f3237b0567ad15f3&bb=gWU1snqWskUqSELhTpTZdD-YAeK1u-EpIAJq6yUeuHl5paBVUKqECEN3ytaPT-TxILJCbbJUt_DrAJ8YCaWJbhiSe9Nw2ujVjTp3x9MoTvs%3D&xkcb=SoBo67M3DbSSLeQHKx0MbzkdCdPP&fccid=f426bb356314fa3d&cmp=kamboh-Softec&ti=SEO+Expert&vjs=3
Content Writer (Female),Ropstam Solutions Inc.,/rc/clk?jk=fe96b2f0038af34e&bb=gWU1snqWskUqSELhTpTZdO0cF2jkTPkCRo7DC3PzsQEQQLKc61h6VQSLJAXWv99F6Uk2SUhmqHR3SwxbOAIGuOs8IjTUl_qq5PcIFl5Q3uI%3D&xkcb=SoCB67M3DbSSLeQHKx0DbzkdCdPP&fccid=6f29c15b1f9662c2&cmp=Ropstam-BPO-Pvt.-Ltd.&ti=Content+Writer&vjs=3
SEO Expert,Absolute Mutual LLC,/rc/clk?jk=13c0f0680a1ca706&bb=gWU1snqWskUqSELhTpTZdNTBGLVaa6m15um3FQugqIqPTtXMWo6fjp7SZ8F5tcbOKnRC77cdzH3PpDnRUEUj12uiIeGQxtqDZbAjLaM38tY%3D&xkcb=SoA167M3DbSSLeQHKx0CbzkdCdPP&fccid=a78d760926c37395&cmp=Python-Leads-Pvt.-Ltd.&ti=SEO+Expert&vjs=3
COMPUTER SCIENCES DEPARTMENT • Professor • Associate Professor • Assistant Professor • Lecturer,GIFT University Lahore Head Office,/rc/clk?jk=fa96d21cbdb412dc&bb=gWU1snqWskUqSELhTpTZdF2pv5U8CRcsF31yrdI_tzwIxKbUIbo3KcPNO3h4nMmUnMWEvzMESvywN6ZJePH7lupVsPZGuX8bObGkJkJVC1o%3D&xkcb=SoCo67M3DbSSLeQHKx0BbzkdCdPP&fccid=eaac08c4495853a4&cmp=GIFT-University-Lahore-Head-Office&ti=Associate+Professor&vjs=3
Financing for Development Specialist,United Nations Development Programme (UNDP),/rc/clk?jk=75e3aa7fc5087ebf&bb=gWU1snqWskUqSELhTpTZdEhxXG7wmW6Ml9Sth7yN6pEUTLE0RpYnXrpkr_syKPv9FP2mcaxkfuJxG3mb6s0l2A_mJzQJHx7q-GhY5pwqeQE%3D&xkcb=SoAc67M3DbSSLeQHKx0AbzkdCdPP&fccid=a9a8bf2e786e3726&vjs=3
IT -Admin Assistant( Male),Intellectual Works,/rc/clk?jk=e7f6823c324376a1&bb=gWU1snqWskUqSELhTpTZdG4XN-w5xD0w59fIVtVJo84Ttl07ztpkfZp_tttWLXrnXxe4P58GZPajcMPkYF_8SFTvcPFTUPIm-TazaWdKuCY%3D&xkcb=SoCS67M3DbSSLeQHKx0HbzkdCdPP&fccid=08a4ae9031cef50b&cmp=Intellectual-Works&ti=Administrative+Assistant&vjs=3
Data Analyst,iENGINEERING,/rc/clk?jk=e935aceb78b055a8&bb=gWU1snqWskUqSELhTpTZdOrI4OHdgqxXgqzazq83zzq9NKDNzRnRTPeAFhz6dMm7RzNaYPP8qzzzTI8K8_UbyOc9Atamir8BdimwBgI3oxI%3D&xkcb=SoAm67M3DbSSLeQHKx0GbzkdCdPP&fccid=25a7545d9f76e10a&vjs=3
Node JS,Abendsoft,/rc/clk?jk=5dde55b9b1fa212f&bb=gWU1snqWskUqSELhTpTZdAaDSMIyMFnMmVzebqueyUxzRRbGtfuVaRrW-cP87yCmE1Tqm2niY7DeM1oOQiHGF0mfqALnj7Dk4dX2hVKma60%3D&xkcb=SoC767M3DbSSLeQHKx0FbzkdCdPP&fccid=ff82331bc52a297f&cmp=Abendsoft&ti=Node+Js&vjs=3
COMPUTER SCIENCES DEPARTMENT • Professor • Associate Professor • Assistant Professor • Lecturer,GIFT University Lahore Head Office,/rc/clk?jk=fa96d21cbdb412dc&bb=U2ro8rJ7QTm7x9mWy_KeFckOt9MPL7GsLToq99O6RARYZ5z7duYuaJi0t8Y3inbmslk2Ejxjxh0eBz9igwwK6qZmXu2M6nXhbDnwYQ4gU_w%3D&xkcb=SoB467M3DbSQ0gQNHx0LbzkdCdPP&fccid=eaac08c4495853a4&cmp=GIFT-University-Lahore-Head-Office&ti=Associate+Professor&vjs=3
Financing for Development Specialist,United Nations Development Programme (UNDP),/rc/clk?jk=75e3aa7fc5087ebf&bb=U2ro8rJ7QTm7x9mWy_KeFQ5r7pDJD5LVQtwGa8IlgEb6nDwXfVHW4fwV0M_8KJawUBp29eb9VgPxPrSPnjW3OP1QkcDBOOmYPgiwUQp2E5o%3D&xkcb=SoDM67M3DbSQ0gQNHx0KbzkdCdPP&fccid=a9a8bf2e786e3726&vjs=3
Node JS,Abendsoft,/rc/clk?jk=5dde55b9b1fa212f&bb=U2ro8rJ7QTm7x9mWy_KeFen_4w93qNJYo57FHPFmOHBaN0qOkfokUN7O-cMKspKd67DUgUK6Q5b543-tOz6E35Zhb6B9gNRJiXRQEHafiVc%3D&xkcb=SoBR67M3DbSQ0gQNHx0JbzkdCdPP&fccid=ff82331bc52a297f&cmp=Abendsoft&ti=Node+Js&vjs=3
IT -Admin Assistant( Male),Intellectual Works,/rc/clk?jk=e7f6823c324376a1&bb=U2ro8rJ7QTm7x9mWy_KeFTXvDWAI1F6bX3w3ILoJ7ujq1VKI8l6iwADaS0TTbxqtra9ECP9AkXTx74-vQojUj07NiA72tsnl6SfG_aPxzeA%3D&xkcb=SoDl67M3DbSQ0gQNHx0IbzkdCdPP&fccid=08a4ae9031cef50b&cmp=Intellectual-Works&ti=Administrative+Assistant&vjs=3
Data Analyst,iENGINEERING,/rc/clk?jk=e935aceb78b055a8&bb=U2ro8rJ7QTm7x9mWy_KeFSgDLPGZMyBENqWQ7wGjeQ2iyxNXFSGQJnGQfC8yZ7wQshDTkLsKepokrb18RwDZ0gmCD26EMiuXCwk00xmx46s%3D&xkcb=SoBr67M3DbSQ0gQNHx0PbzkdCdPP&fccid=25a7545d9f76e10a&vjs=3
Product Researcher,Programmers Force,/rc/clk?jk=c8545d26d01817bb&bb=U2ro8rJ7QTm7x9mWy_KeFQv6BwCDV5nXlJOZllIbv9O48rTOn4Csh4VSrvdTfcgICQevLuqm7E0OunzQ1UQIUtos8R1daEUe2kkFan3xq-8%3D&xkcb=SoDf67M3DbSQ0gQNHx0ObzkdCdPP&fccid=58e82102979ba864&cmp=Programmers-Force&ti=Researcher&vjs=3
Data Scientist (Proactive Pipeline),Jazz Telecom,/rc/clk?jk=1ff0d374126d686a&bb=U2ro8rJ7QTm7x9mWy_KeFU_9gdXcKNxWvlnRno5QR31_8VDQla_1tHCS1L2PuxjNdAGkznNZq9pa6MITIg-Aq4fMIxD_QGJyGmPhwgqKzH4%3D&xkcb=SoBC67M3DbSQ0gQNHx0NbzkdCdPP&fccid=db2b1cd4689f91b0&vjs=3
Intern (Supply Chain),World Food Programme,/rc/clk?jk=bd4dfe368f8a3a21&bb=U2ro8rJ7QTm7x9mWy_KeFbLVIdQAwBJ67I_8b1bjht1DiKpSH6D5in20HX2hJTh2zzALgBCjnOQ821b1DdcZGG7gtpO-Bz0FEoIMqj3SNO8%3D&xkcb=SoD267M3DbSQ0gQNHx0MbzkdCdPP&fccid=9f1f377f38839693&vjs=3
Machine Learning Engineer (urgent hiring) in Office (EST Time Zone),Cplus Soft PVT Limited,/rc/clk?jk=40df8e90dcf7fc99&bb=U2ro8rJ7QTm7x9mWy_KeFXLQOZ6VwQ7lX9WwpeD_eL1pSuUIS8rN64bxj9vDxPVXv-h3k00tLXJY5pU-WBZ80u2ZSIIubZAX1L0JBa_2Hzw%3D&xkcb=SoAf67M3DbSQ0gQNHx0DbzkdCdPP&fccid=ae688ef7871d9996&cmp=Cplus-Soft&ti=Machine+Learning+Engineer&vjs=3
Environmental Project Manager,Green Wish Pvt. Ltd,/rc/clk?jk=1a4dd0cc9d290ce1&bb=U2ro8rJ7QTm7x9mWy_KeFUC8f6gDPQBH6F38wYch9r6kCAMvo1FSovmne3p2opR6QuD_Op1sxQbnS7C5hst0evI4vBNnbwtVHFMsU6k4lUQ%3D&xkcb=SoCr67M3DbSQ0gQNHx0CbzkdCdPP&fccid=5520ed2b677b140c&cmp=Green-Wish-Pvt.-Ltd&ti=Environmental+Manager&vjs=3
Scrum Master,Ozoned Digital,/rc/clk?jk=0443b0617fe83afa&bb=U2ro8rJ7QTm7x9mWy_KeFVhSCYIIeIxvxKZjQ_SsMGuZ3Bi5pF-7jfkp7KXamO1fWH1bGIgpk68wAK8_JX7A1njxuDb4h3wJJNuL_ieyfJk%3D&xkcb=SoA267M3DbSQ0gQNHx0BbzkdCdPP&fccid=bb6b5a3b9b24ad96&cmp=Ozoned-digital&ti=Product+Owner&vjs=3
AI Engineer (Python Based),Megastruck,/rc/clk?jk=22e284f5d5e72f31&bb=U2ro8rJ7QTm7x9mWy_KeFam7L5suks_U95qYv3v2NEQQ3r1iRphh6YP-dlbCJLipsCOoN3VxVOADNnHKmwOfzI8LycGUSw_5eNPA7IJwWEc%3D&xkcb=SoCC67M3DbSQ0gQNHx0AbzkdCdPP&fccid=abc911584c68191a&cmp=Megastruck&ti=Python+Developer&vjs=3
Data Engineer,Dubizzle Labs,/rc/clk?jk=f466653b3552e814&bb=U2ro8rJ7QTm7x9mWy_KeFXJW61dTby_pwZMsnP0Gj3PNlJJFrwkBx2U87vnQTeXyLP6Bqfxt3v9TL__a4wE0ukeh_rNq3BGWIfN7qOlfc14%3D&xkcb=SoAM67M3DbSQ0gQNHx0HbzkdCdPP&fccid=eadbc0847d45da27&vjs=3
Full Stack Developer (m/f/d) Pakistan 100% remote,EU Tech Chamber,/rc/clk?jk=95099768cc7e4080&bb=U2ro8rJ7QTm7x9mWy_KeFaUkKzZxd-Pv3HmG8dTOEap7lYstdVdxVOd7kiV-5uNVCOfZ4ThXYy2aw_z9oikODFw1StvprzMTvivMxf2psk8%3D&xkcb=SoC467M3DbSQ0gQNHx0GbzkdCdPP&fccid=8b3d553a3891950d&vjs=3
SQA Engineer I,Sabre,/rc/clk?jk=dc57f33bf2f219d8&bb=U2ro8rJ7QTm7x9mWy_KeFW4us21sISiMafCYJPskraZBLzbL6YxDWV3NsMCsvKdr3PuNmET6BQcYtt7hu1VlT-Y5pqm4m9WgOm38lPnLDLU%3D&xkcb=SoAl67M3DbSQ0gQNHx0FbzkdCdPP&fccid=05fac7ab69452ba3&vjs=3
SQA Engineer I,Sabre,/rc/clk?jk=dc57f33bf2f219d8&bb=OGTvsYsyD7_lOCIfuV7BDI8KUJWcO1u-o6H60YhMu7bem79cMfFm_zmSiaInwkBY4guHSdRcM6uskRAVV5mHJQWWDJhaV2b9fSLuP0AyMnw%3D&xkcb=SoBG67M3DbSQIyQHFh0LbzkdCdPP&fccid=05fac7ab69452ba3&vjs=3
Data Engineer,Dubizzle Labs,/rc/clk?jk=f466653b3552e814&bb=OGTvsYsyD7_lOCIfuV7BDC7e_BzJwNiv0Nf5bLhDq-1YN0B7WT4ZD9O7KNGycZA2YNsDQk4GhbvN3-7E8pxNj6COeG8zxwSs8ercpzHuUoc%3D&xkcb=SoDy67M3DbSQIyQHFh0KbzkdCdPP&fccid=eadbc0847d45da27&vjs=3
Full Stack Developer (m/f/d) Pakistan 100% remote,EU Tech Chamber,/rc/clk?jk=95099768cc7e4080&bb=OGTvsYsyD7_lOCIfuV7BDDLnJeyYdCEAXp3_Q_PjZX0MJSwQwXWujsdC2n4w3bUtEHGvCoSRFFKftTsurpRsONMAAgqb__e_4-MZsyoEYYU%3D&xkcb=SoBv67M3DbSQIyQHFh0JbzkdCdPP&fccid=8b3d553a3891950d&vjs=3
International Consultant – Digitalization for Women Economic Empowerment (D4WEE),United Nations Development Programme (UNDP),/rc/clk?jk=bb8373df16121251&bb=OGTvsYsyD7_lOCIfuV7BDEWy5V07WD8Dc2h_VjsV3_bwwyNI92XXbjfiZ4omSQCTW6_wWagIAcqmcgyaT3uKJPtX4fgpyMhaiBuvpsFkKKc%3D&xkcb=SoDb67M3DbSQIyQHFh0IbzkdCdPP&fccid=a9a8bf2e786e3726&vjs=3
Data Base Administrator- Islamabad Campus,NUST,/rc/clk?jk=cbf6aea71300436a&bb=OGTvsYsyD7_lOCIfuV7BDBiiOOB7IWbRYICMGTQ1qXjlF7vrKaPOt0xvUacTOwfthQuTmSVg0Xl9TdizVV3OOje6ssnmiTqqxuToqaJSrzY%3D&xkcb=SoBV67M3DbSQIyQHFh0PbzkdCdPP&fccid=4122ee8dbe676f63&vjs=3
Digital Marketing Expert,Manpoy,/rc/clk?jk=3a784e96d7cff6ee&bb=OGTvsYsyD7_lOCIfuV7BDMaWeGRfFop3RDlA9W7aaxTY8WTLKttUkyh7J0ku6ClJWxXzEk4n4nxg7VTPNj5jWuQemIa3V8vRKHwi5hHrHjQ%3D&xkcb=SoDh67M3DbSQIyQHFh0ObzkdCdPP&fccid=44c10550af0cd047&cmp=Revite-%28Kh2a-Ltd%29&ti=Digital+Marketer&vjs=3
Data Scientist,Techvista Systems,/rc/clk?jk=67082f25cee99f37&bb=OGTvsYsyD7_lOCIfuV7BDHW4JxRDGQhTnVx00EbwZTnE6dWpESisN666jKENTgNFUkXSZOJE4KCxgsaOSv98sXJsGBxR4JoJkEEvmqZJUbk%3D&xkcb=SoB867M3DbSQIyQHFh0NbzkdCdPP&fccid=8d861a6bb1c61b5f&vjs=3
LLM Data Scientist - Pakistan,Turing Portal,/rc/clk?jk=99b7bff0a757a2e4&bb=OGTvsYsyD7_lOCIfuV7BDCfUGLDi8KIaMRsziwh8n7LH_iT1TVdgR7L_tq8T8UKCNQ6nXig8V6ztrSiSPttDsZSkK_0Ps2PO_eQYMr2CuMY%3D&xkcb=SoDI67M3DbSQIyQHFh0MbzkdCdPP&fccid=0d3d32d6d2474015&vjs=3
Data Engineer,Leverify,/rc/clk?jk=092a445873bf894c&bb=OGTvsYsyD7_lOCIfuV7BDBT9p_s_tUnWvxklN4lQWc-_07ceUtG8PAXzlEJpVzWgpAfk4XndboipX_oQr2QJtQAFIwE4jbsODextd6hOYZg%3D&xkcb=SoAh67M3DbSQIyQHFh0DbzkdCdPP&fccid=56372c1534d4ede0&vjs=3
Data Engineer,Altruistiq,/rc/clk?jk=c4d553960fe9174b&bb=OGTvsYsyD7_lOCIfuV7BDJlBtPVM2USn8-3D8K7zcRrHzbuhHnv-g0xI77cz4c_MYrEKrwYvtgpzgZHeH78OM0kG2zUuWFbTWPn4TYbZWTQ%3D&xkcb=SoCV67M3DbSQIyQHFh0CbzkdCdPP&fccid=813ac6dfbd58839e&vjs=3
WordPress Developer- Lahore,RSK Technologies,/rc/clk?jk=a5bd0fcc402d36b7&bb=OGTvsYsyD7_lOCIfuV7BDBxnvdWZ-9DaSenqk_hi9A27lqqmYLC4Bmk-yHINLuko3ZCIMRbTcqdq64DowlYa-jcE4tVyugITlJBJfpvNC2M%3D&xkcb=SoAI67M3DbSQIyQHFh0BbzkdCdPP&fccid=66c22c1b919f5851&cmp=RSK-Technologies&ti=Wordpress+Developer&vjs=3
Intership for Laravel,Tricasol,/rc/clk?jk=ddcf7dc513b4119c&bb=OGTvsYsyD7_lOCIfuV7BDIzS-MUS6vki3mhdE3qgeuKK_7eDlwGB-kdoqw-2dqX35R6gVDKjCGOSKlXG7g9ItfsGo2VQ5xIbVA0v07fYGYQ%3D&xkcb=SoC867M3DbSQIyQHFh0AbzkdCdPP&fccid=c434560d41b67f3f&cmp=TricaSol&ti=Intern&vjs=3
Project Officer (Interpretation and Translation),International Organization for Migration,/rc/clk?jk=c23dd91f1558dde6&bb=OGTvsYsyD7_lOCIfuV7BDArjkyTBWm5jDJIbYwcWs0SDWCLHAjZ9xrAJb7qXgUdSwrBVdwa7ShHJSuCY9ZUyk5vK1zQHJajx86Lxd7XkdLo%3D&xkcb=SoAy67M3DbSQIyQHFh0HbzkdCdPP&fccid=5df4562d07833c2b&vjs=3
Customer Support Manager,SHE Technologies Pvt.Ltd,/rc/clk?jk=15be9ae0621e9930&bb=OGTvsYsyD7_lOCIfuV7BDOyA_aX6lDrY70s7YsgqNmYWP57P2qKhjaYS29b5jpur5OU6MjrysgDnb0xaeBAWPFgTgFu24kixONtX4rSyAY8%3D&xkcb=SoCG67M3DbSQIyQHFh0GbzkdCdPP&fccid=5168d4f000e47e2e&cmp=SHE-Technologies-Pvt.Ltd&ti=Customer+Care+Manager&vjs=3
Database Developer,Karma Software Solutions (Pvt) Ltd,/rc/clk?jk=53c9cd339e0036c1&bb=OGTvsYsyD7_lOCIfuV7BDP9GClZKuq7wVzspjdjeqmZNNjch0m6c4ejvmAkadeTP_HuYBkaO3PGLZFv3EdnfQvL5iuE3Qfwy_XcpjpTTzKw%3D&xkcb=SoAb67M3DbSQIyQHFh0FbzkdCdPP&fccid=8065e82ecbfac92e&cmp=Karma-Software-Solutions-%28Pvt%29-Ltd&ti=Database+Developer&vjs=3
Customer Service Office (Only Disable person),She Means Work,/rc/clk?jk=8a2e932a803feda7&bb=lWdIx_HyIJNXFPUvKJmH8bo5rwiNV_eBkH5ysu_cLCmjCBG0KkqhrvwTDmDwja-lNlA60SppGgW2Y44cEFGuAzhKeMyH1tQdpn5JiqHvNWo%3D&xkcb=SoC367M3DbSutQwHFh0LbzkdCdPP&fccid=3ac304ea6d578836&cmp=She-Means-Work&ti=Customer+Service+Representative&vjs=3
Intern,Techvista Systems,/rc/clk?jk=a1f56a8afeaec328&bb=lWdIx_HyIJNXFPUvKJmH8fPPb9nBESV1Rj9nf1U4kVNBykK9Zr9SIidXogYVqQMh4dm98RIfmV4hZJ68zUzGg7IZVkJYK5nZs3ZsQufM2Dk%3D&xkcb=SoAD67M3DbSutQwHFh0KbzkdCdPP&fccid=8d861a6bb1c61b5f&vjs=3
Software Engineer - Interns,Softpers Interactive,/rc/clk?jk=734adf8110fa08c4&bb=lWdIx_HyIJNXFPUvKJmH8QjV-YH2zPtxAqe3RezOkUFWCGGb1iieHwOrEAm1CXxKnNqTBeeAXS_fIGpV6v37trN8jiK2MZnGhj8V7oiETSI%3D&xkcb=SoCe67M3DbSutQwHFh0JbzkdCdPP&fccid=f92b092dee857e57&vjs=3
Project and Product Manager,The Brainstormers,/rc/clk?jk=ae1104dd6768fac7&bb=lWdIx_HyIJNXFPUvKJmH8cK-ywNo5CMfbStRHm5PjKcfYnpBBd9Oq2W6-9_euYj9UQ3J0ue42PG_SrpphwKco5SuNjRMb_UVeGoqZMI4YBA%3D&xkcb=SoAq67M3DbSutQwHFh0IbzkdCdPP&fccid=9331d5ce6df12210&cmp=The-Brainstormer-Technologies&ti=Product+Manager&vjs=3
Information Security Officer,Universal Digital Health Care,/rc/clk?jk=7c9d0fccd3bb3886&bb=lWdIx_HyIJNXFPUvKJmH8ZlxL6kXk80G004KV04bPEtzndoQdvKVzCxO3UpQddyl5VSgI4JL3F2ojDLIZGefxTROnxNYxEDDKZ8-22rM7Q8%3D&xkcb=SoCk67M3DbSutQwHFh0PbzkdCdPP&fccid=6fa313289a34a48b&cmp=Universal-Digital-Health-Care&ti=Security+Officer&vjs=3
Solution Engineering Internship,Avanceon MEA,/rc/clk?jk=dadcf800e472dcb2&bb=lWdIx_HyIJNXFPUvKJmH8am3Ub7ncKKPiWX-8CYjA5FSEahlLGr12WLazIY-pwoVUusaJst3OnTbNEmyq-Co_LwgsM_xf5K6FTkPFr1DfM4%3D&xkcb=SoAQ67M3DbSutQwHFh0ObzkdCdPP&fccid=09ba960c1f252172&vjs=3
SEO Expert,Alpha Group,/rc/clk?jk=3f4ffac108f710b7&bb=lWdIx_HyIJNXFPUvKJmH8QwLQFtSwmnq8ysFUtFyF3iUPvsYB4_WLSxCohcnkIKs1o_jQLEg7gfiqcHJIwcXHS3goIuZm8A8uQ6HeBzzEic%3D&xkcb=SoCN67M3DbSutQwHFh0NbzkdCdPP&fccid=11da567ce1e1e37f&cmp=Marvellous-Saloon&ti=SEO+Expert&vjs=3
Data Engineer,Unionlogix,/rc/clk?jk=09cc8aba7dd08942&bb=lWdIx_HyIJNXFPUvKJmH8T2U8LbivVvAoTw7z_YMg44n4VvleiTx6fCKmyDjddjTLDkatPVUY3wELVUOfudeICLJGwbpHRc92ZPdxdj9RtA%3D&xkcb=SoA567M3DbSutQwHFh0MbzkdCdPP&fccid=2b07e4c2d7334ed2&cmp=Unionlogix&ti=Data+Engineer&vjs=3
Junior BI Analyst,PriceOye,/rc/clk?jk=f4e06fe0408cc92d&bb=lWdIx_HyIJNXFPUvKJmH8cR0OkoMLTfmFvOmk-miebZE93V2t1_i0S0-uIVkt0YN3dwvV27B8RzPmY4Es5E0LO7rN2bopq09Og1LKv3Xvf8%3D&xkcb=SoDQ67M3DbSutQwHFh0DbzkdCdPP&fccid=e66b04ee2b14ad48&cmp=PriceOye&ti=Business+Intelligence+Analyst&vjs=3
IT TECHNICIAN,Fabro International (Pvt) Limited,/rc/clk?jk=f8f5938e046364bf&bb=lWdIx_HyIJNXFPUvKJmH8dA1LccYibIz0jrMIRP8_a3gsJVe42duIEIKlBU6TjemuEnfbGwLjhu8PqfVQ1g8srZLFHVIgARUtUUAZpzoM6s%3D&xkcb=SoBk67M3DbSutQwHFh0CbzkdCdPP&fccid=667cfb6066ddb5eb&cmp=Brickstech-Digital&ti=IT+Technician&vjs=3
Assistant Controller of Examinations (UG) - Registrar Dte (Islamabad Campus),NUST,/rc/clk?jk=27af2d539b7d1dfb&bb=lWdIx_HyIJNXFPUvKJmH8YJggyy_gpVKS7mNvW4ZaLTRYHCgVNT9-xfbzz5-fYPt1g5qLARpZuBnWPV90BGv3HpBfs-flbvH4OqL-x3Tr2Y%3D&xkcb=SoD567M3DbSutQwHFh0BbzkdCdPP&fccid=4122ee8dbe676f63&vjs=3
Digital Data Analyst,iHorizons,/rc/clk?jk=2ce24184149a2140&bb=lWdIx_HyIJNXFPUvKJmH8Zdftfy2V5EnjoV6U0oUBq-JF38Fm_ub0MgRsUMfIqkoNqAKXkuFJiTUmdy3eG8GkaTUBPy8pqtHCrA_XLjtD1I%3D&xkcb=SoBN67M3DbSutQwHFh0AbzkdCdPP&fccid=29f1f1b12efdc975&vjs=3
HR Intern- Graduate,The value Engineering,/rc/clk?jk=610a5e2d139a1fd1&bb=lWdIx_HyIJNXFPUvKJmH8QjV-YH2zPtxK6-XbbEQzcWXL3MoU8GGqE6-gFxE3axYx7NbRZqrO6E_PSYMyRXq3XIZpwgYegCmFtU2E6KC3mQ%3D&xkcb=SoDD67M3DbSutQwHFh0HbzkdCdPP&fccid=00ed6eebc012195a&cmp=Value-Engineering&ti=Human+Resources+Intern&vjs=3
Head of ERP,AL-Jalil Developers,/rc/clk?jk=865c78099a2e70ac&bb=lWdIx_HyIJNXFPUvKJmH8SpojflQL_QWfV6rjty-gipDfqi6m0rlWmu2vX224IkliXA448SmC0VJ3jZL5v3Rvqlptx_vvgyyS5pnqWlTH2Q%3D&xkcb=SoB367M3DbSutQwHFh0GbzkdCdPP&fccid=2bcfa153841f983b&cmp=AL--Jalil-Developers&ti=Head+of+Erp&vjs=3
IT SUPPORT EXECUTIVE,QZ Engineering Pvt Ltd,/rc/clk?jk=7528fd4c01b550b0&bb=lWdIx_HyIJNXFPUvKJmH8UJz6-7it0MtZIFJoNA18RoS28uhpf0OXmhxetbDsXSWewKoNjrT_qBr3xtHm8PzeVHoCFnBr7S58ivOdVW8rsc%3D&xkcb=SoDq67M3DbSutQwHFh0FbzkdCdPP&fccid=44f810c2b0be42db&cmp=QZ-Engineering-Pvt-Ltd&ti=IT+Executive&vjs=3
Data Scientist,Codrivity,/rc/clk?jk=60ed49b95a322a16&bb=6aOZj8h1HHeide9qO1kssEl8MernEek6Xbr3xwuRbI29uMERnxz5THHqgufBI1mWr6VCKg4s6u0kusjicRZBCfmaXkgPNlcirVFXUEsACTw%3D&xkcb=SoCF67M3DbStmgwNHx0ZbzkdCdPP&fccid=f6a77056cbf28402&cmp=Codrivity&ti=Data+Scientist&vjs=3
Software Engineer,Energy Informatics,/rc/clk?jk=b650e8f8ab099c2b&bb=6aOZj8h1HHeide9qO1kssIIAQDiV1pmJde9q4wAy5fldpWUzqr_n60NPN2llNm0LnxXg_h0jQvbrHiSGMk3oaOy9UNE6BSE2Um-aXJxaZRE%3D&xkcb=SoAx67M3DbStmgwNHx0YbzkdCdPP&fccid=a0c112181d8d1a3a&cmp=Energy-Informatics&ti=Software+Engineer&vjs=3
Data Officer,Pathfinder International- BHFA Project,/rc/clk?jk=0a31ea8c83c3f08b&bb=6aOZj8h1HHeide9qO1kssDkJjT2STsooYi19-nwUzDB0xdYQwiFqnfXtNAPl5pu8Y8oaMVUk9pSEzMx1Ayax226bK482YQsRR8gpevrcuqM%3D&xkcb=SoC_67M3DbStmgwNHx0fbzkdCdPP&fccid=41bc62774d90d4ac&vjs=3
MIS Analyst,IZ Energy Services Ltd.,/rc/clk?jk=e4123148f241ae2a&bb=6aOZj8h1HHeide9qO1kssIGdWhT4-VpOsRSkg37gz6NBIo2T_7yCQ0izLRIcqFTLCqjBBy3BNEpnLxvkCa9RJzuEVmjzgMMVRVXkDzESPFU%3D&xkcb=SoAL67M3DbStmgwNHx0ebzkdCdPP&fccid=54852280f64e88b8&cmp=IZ-Energy-Services&ti=Mis+Analyst&vjs=3
Business Analyst,InvoZone,/rc/clk?jk=798bb034c6fe46e4&bb=6aOZj8h1HHeide9qO1kssGRbrgS8wKG9NJGeLrYdmBlDoXTBoqWf2ibqqGkFwYIxMzi60Te6PbM73pQBoADu6LaS6YqsCBz7dnxI3IjVTjQ%3D&xkcb=SoCW67M3DbStmgwNHx0dbzkdCdPP&fccid=9a52d9abd9db7b7c&cmp=InvoZone&ti=Business+Analyst&vjs=3
Database Admin,Xavor Corporation,/rc/clk?jk=48c80cf980c00a9c&bb=6aOZj8h1HHeide9qO1kssMcByttNPf599s1W84B6dpvD6wvNwMleyCFW70GXJjGfUXRCRbMhjH0k1CUmmBtT2eW_1UCvRE6xsy85u1CqGKk%3D&xkcb=SoAi67M3DbStmgwNHx0cbzkdCdPP&fccid=d80fcd98a96bb41a&cmp=Xavor-Corporation&ti=Database+Admin&vjs=3
ASO Expert,Dcodax (Pvt) Ltd.,/rc/clk?jk=a7cad0e894451572&bb=6aOZj8h1HHeide9qO1kssEl8MernEek6LgYqjcSTSPyhuB60seKBqzlp1JwR6oH6U7Mg0xupwMCD7vO-kzKNeI7BiRjpB-N-XZkJYkESzLw%3D&xkcb=SoDL67M3DbStmgwNHx0TbzkdCdPP&fccid=f3cb7c83f4bd88d1&cmp=Dcodax-%28Pvt%29-Ltd.&ti=Aso+Expert&vjs=3
Desktop Support Engineer,ITCS (IT Consulting & Services),/rc/clk?jk=6e02481a1d5fb54b&bb=6aOZj8h1HHeide9qO1kssIZZtYMAFR0Y1R2yLtLG_y52N_whCIuuppNwwT4LkTe9dOllJ_y0mLndsXxnnAg1zCoW0HCr8wZ4YZxSEtzSs_w%3D&xkcb=SoB_67M3DbStmgwNHx0SbzkdCdPP&fccid=042610199d2a6fe1&cmp=ITCS-%28IT-Consulting-%2526-Services%29&ti=Desktop+Support+Technician&vjs=3
Remote Tableau Developer,Lucrum ERP,/rc/clk?jk=cd6a24a3f52142f3&bb=6aOZj8h1HHeide9qO1kssMgHzsiCqXmRjNf8nXbsI2xOx10yC6Uc_NNCyOyLr-OwqwDtvldT8GDoXAwokK-dHqnH_ts43qmmYQtC6aysGtM%3D&xkcb=SoDi67M3DbStmgwNHx0RbzkdCdPP&fccid=598fb04d621de44a&cmp=Lucrum-ERP&ti=Tableau+Developer&vjs=3
Microsoft 365 Developer,Abeer Integrated Solutions Pvt. Ltd,/rc/clk?jk=fdeba213c13ed34a&bb=6aOZj8h1HHeide9qO1kssHfYj0UtYWHFk123pOHADcjB0rx2hPsi4HQws-dAYSfC8MPoFlonorrgGNrtCHVr6JGrPLxtrOFrHtHHSqYCstw%3D&xkcb=SoBW67M3DbStmgwNHx0QbzkdCdPP&fccid=7ecd6fb31924a8cc&cmp=Abeer-Integrated-Solutions-Pvt.-Ltd&ti=Technical+Specialist&vjs=3
Intern Backend Developer,Cloud Mesh Solutions,/rc/clk?jk=8830813973254373&bb=6aOZj8h1HHeide9qO1kssOAcp8kRM6-tzsZlzgaSt64yeIVJ3ax0CeR54uu5VTauqWdS8kRIpiFZ9djoZ8VP7uukpBS72Qxs4ViWeDvoKjE%3D&xkcb=SoDY67M3DbStmgwNHx0XbzkdCdPP&fccid=7d6180fb90e5793c&cmp=Offerten--365&ti=Back+End+Developer&vjs=3
Junior Full Stack Developer,Fulcrum Pvt Ltd,/rc/clk?jk=92e39f598097a7d9&bb=6aOZj8h1HHeide9qO1kssCdWuABViPk2Zk0iYVC_e-LwA-oUKjWVwh-jxrizlOPjGO6aazFfvfGzo5W9fQ8KckA-Qy_phCutUsaePz_TrCo%3D&xkcb=SoBs67M3DbStmgwNHx0WbzkdCdPP&fccid=dc55519868e92e7f&cmp=Fulcrum-Pvt-Ltd&ti=Full+Stack+Developer&vjs=3
Senior Data Analyst,Polytree Technologies Ltd,/rc/clk?jk=d77dd6b01c5d7ae3&bb=6aOZj8h1HHeide9qO1kssOMrjiGU9bMqD8sFtD80bzafWd_hsZ6UzkQ1MY3BwVIfndLtODOeUBdgdkpNA_-PqH6VpQl9Pn4fWlgcztjSSl8%3D&xkcb=SoDx67M3DbStmgwNHx0VbzkdCdPP&fccid=0bf1bbdbf770ae3b&cmp=Polytree-Technologies-Ltd&ti=Senior+Data+Analyst&vjs=3
Data Analyst & Modeler,The Brand Consultants - Karachi,/rc/clk?jk=4c757ecc4e66c939&bb=6aOZj8h1HHeide9qO1kssEINkNpiwD39oTRNyMOCla-djaPmRP6sUGvFXiiUdPfuz3aEqTHJ1R8nYtzCpbPTUDeaKtnmzRsrRsu4Qw8jmWM%3D&xkcb=SoBF67M3DbStmgwNHx0UbzkdCdPP&fccid=7e93ab5c07dac215&cmp=The-Brand-Consultants---Karachi&ti=Data+Modeler&vjs=3
IT Assistant (Bahria Town),ESAJEES,/rc/clk?jk=d37b7343cc85f0ca&bb=6aOZj8h1HHeide9qO1kssLHAOGYHdgVFpp00THnm-14furY8f7eLGQ4n6IfvAWVAzmwDZM0gYeqfwfZzTsTcRXwmvnXeZnd5dbrnQA7j4YM%3D&xkcb=SoD-67M3DbStmgwNHx0rbzkdCdPP&fccid=636c2358f83bdbcb&cmp=F--6%252F3%2C-Islamabad&ti=IT+Assistant&vjs=3
Quality Assurance Specialist (2.5-4 years of experience),DATAINVENT SYSTEMS,/rc/clk?jk=e1b1ee70f9c45220&bb=eXCc-X04NW3M61Tdqj98MsJwoIe5NZ6qs2GuNemilUEq2GQ8LbCplMKAh__LZhSxBxNmj7NLiQD4vmfHgdJGUmRE8R827lNsQgDrjv4UKK0%3D&xkcb=SoCF67M3DbSs_fwNJh0LbzkdCdPP&fccid=f48dcf750599ddae&cmp=DATAINVENT-SYSTEMS&ti=Quality+Assurance+Engineer&vjs=3
Customer Service Representative - Inbound - Urdu/English,Septem Systems,/rc/clk?jk=f37b8db4ff654b93&bb=eXCc-X04NW3M61Tdqj98MvENK95SeArHL_-VP8D6VQvm1pT-Fe1CKlWzXI85zKiW5u0UVezlCPIQXwTxpQMEsm5WSMK5C58uUUIoyuEWABA%3D&xkcb=SoAx67M3DbSs_fwNJh0KbzkdCdPP&fccid=bdab220e10f08524&vjs=3
MERN Stack Interns,Xeosol Private Limited,/rc/clk?jk=cbb4092e0e0b4f5e&bb=eXCc-X04NW3M61Tdqj98Mm_dNmBqKM4wRJzceMsusLgp5yUr9ZM_q1HFafnolmPEWlN1yY5qxUg0KZsBKkMCrvJSuBT_0oDD-b0tQ0vCjSk%3D&xkcb=SoCs67M3DbSs_fwNJh0JbzkdCdPP&fccid=2edbf75c750f89a4&cmp=Xeosol-Private-Limited&ti=Mern+Stack+Interns&vjs=3
Data Scientist (Team Lead),Programmers Force,/rc/clk?jk=9578258e1a2178a1&bb=eXCc-X04NW3M61Tdqj98Mv7d4N6wE0oLICK4hoMnbwiD-wvkvPI_ncafaYXWu7Fea-5Vd4OS8ZsvpKp5gcN26kurQ1Vb58szUnAcPdk52xY%3D&xkcb=SoAY67M3DbSs_fwNJh0IbzkdCdPP&fccid=58e82102979ba864&cmp=Programmers-Force&ti=Data+Scientist&vjs=3
Executive ERP,SJS INTERNATIONAL,/rc/clk?jk=f26a7cd0c11e4b94&bb=eXCc-X04NW3M61Tdqj98MiDn960kAZRBtNQbMm5B1CKaAITJg12P8svrBc8XjqFApGBl1399BEZK00pu69ET9mJv76wMsyb832MqvvAGK3g%3D&xkcb=SoCW67M3DbSs_fwNJh0PbzkdCdPP&fccid=dce6f2707ce4fb2c&cmp=SJS-INTERNATIONAL&ti=Executive+Erp&vjs=3
Business Analyst,Topdot Private Limited,/rc/clk?jk=f075f30cf29a461f&bb=eXCc-X04NW3M61Tdqj98MnmXM7ityVFr94DxID5CveOHdDKiRJhVIUVuDigtw7_RzaFuHmGmHGLJRMLZ522Gf4-LXGQ4CYapYveb6jx7QJw%3D&xkcb=SoAi67M3DbSs_fwNJh0ObzkdCdPP&fccid=f3b327e3f8ac8e71&cmp=Topdot-Private-Limited&ti=Business+Analyst&vjs=3
Sr.Data Scientist,NielsenIQ,/rc/clk?jk=bc9794075197e7ee&bb=eXCc-X04NW3M61Tdqj98MmQeUJr-Uh3qLO2eH0VlUxkMgE0gyf1Qem6JmP0DXKlrtaZdUCAbCL_n1rvVCDhw2pLWzJk_b-lg0yMeUV8yATI%3D&xkcb=SoC_67M3DbSs_fwNJh0NbzkdCdPP&fccid=c172deadb7fe7cb3&vjs=3
Ionic Framework Developer - WFH/ Remote Job,Seeka Technology,/rc/clk?jk=d2e5926ceb3ed2c2&bb=eXCc-X04NW3M61Tdqj98MtY7NqmXhzuVRRCwgYA5fbavI69dQGynEsmdh7LIzS-9DtrYeTDeiEMmiOO23qaqn3TOdB9jNDQBvqlkUPd_Yv0%3D&xkcb=SoAL67M3DbSs_fwNJh0MbzkdCdPP&fccid=807be2f33ecaf5dc&vjs=3
Data Scientist,Codrivity,/rc/clk?jk=60ed49b95a322a16&bb=eXCc-X04NW3M61Tdqj98MvKYkwwgZLiZAbz6D9BsdZYMHwEmeMjq94Nni3_H9awaZTFIoPDQU7q63v3Oak393rI-pKjmtzDgWGRUJ-u-B3w%3D&xkcb=SoDi67M3DbSs_fwNJh0DbzkdCdPP&fccid=f6a77056cbf28402&cmp=Codrivity&ti=Data+Scientist&vjs=3
Software Project Coordinator,Avanceon MEA,/rc/clk?jk=98b85b380d11fe52&bb=eXCc-X04NW3M61Tdqj98MuHsW4XIJhacC89BNfW5ULuWnns7ofS1NRuDEQn2Qrzyu9C6SUswINcQg1ijhp997ifwzChtH2lm5UaRY1QY6Ro%3D&xkcb=SoBW67M3DbSs_fwNJh0CbzkdCdPP&fccid=09ba960c1f252172&vjs=3
Software Engineer,Energy Informatics,/rc/clk?jk=b650e8f8ab099c2b&bb=eXCc-X04NW3M61Tdqj98Ms6-EQxOhITyihXqxfGLgHXLmbh40GTgHWm4SUKOyqo7j8pcRr16HzXoJMcxa5fLuQgOLTK0FaNS7qK9puqw1Bw%3D&xkcb=SoDL67M3DbSs_fwNJh0BbzkdCdPP&fccid=a0c112181d8d1a3a&cmp=Energy-Informatics&ti=Software+Engineer&vjs=3
Data Officer,Pathfinder International- BHFA Project,/rc/clk?jk=0a31ea8c83c3f08b&bb=eXCc-X04NW3M61Tdqj98MsqYcsPHgOUm3_dftlOpqOHpu3CE-8sH0x_-CQpLBRwNSsZnUxcHtXuBlPzzziCiP9KMjFvNU-skKPeIajczWd0%3D&xkcb=SoB_67M3DbSs_fwNJh0AbzkdCdPP&fccid=41bc62774d90d4ac&vjs=3
MIS Analyst,IZ Energy Services Ltd.,/rc/clk?jk=e4123148f241ae2a&bb=eXCc-X04NW3M61Tdqj98MpY_UFugC6H4WhqzCoQuF0rOFgZ9AXIaiAfr8VmDMlsSegYa5yZRPAOG2GDl1KjkaWaDwH2rOi7F4d-h-mahh8o%3D&xkcb=SoDx67M3DbSs_fwNJh0HbzkdCdPP&fccid=54852280f64e88b8&cmp=IZ-Energy-Services&ti=Mis+Analyst&vjs=3
Business Analyst,InvoZone,/rc/clk?jk=798bb034c6fe46e4&bb=eXCc-X04NW3M61Tdqj98MgAstQI3Ds3Bj9l4MrwaH54YRx4l60BRUbJbh-MZXUiUPflB05eciREzuslPrXTXKEzBnAYXQINVfl0UsEyIiIQ%3D&xkcb=SoBF67M3DbSs_fwNJh0GbzkdCdPP&fccid=9a52d9abd9db7b7c&cmp=InvoZone&ti=Business+Analyst&vjs=3
AI Engineer,Punch Digital Agency,/rc/clk?jk=a37b03690158bdea&bb=eXCc-X04NW3M61Tdqj98MqKwdmfkjiZvhH5V7V9XHWDmW882yenjznwgPJSslHRIp1EBq-RstqpCQwj5N7eUgRVVkRnuQ9jhDwCBA5NZs-Q%3D&xkcb=SoDY67M3DbSs_fwNJh0FbzkdCdPP&fccid=132742451c7088ce&cmp=Punch-Digital-Agency&ti=Engineer&vjs=3
Business Analyst,InvoZone,/rc/clk?jk=798bb034c6fe46e4&bb=VVq0vbk-d9q0uaTI5AC0xl9Toxju3eF6mfNs6jYbPj3BN61uShR8wppzy5JLRCdmFRCEFyLMl0w_5Bo4wP5inWrxOp5zIh8MYzieHgn0LTo%3D&xkcb=SoBB67M3DbSr-7QHJZ0LbzkdCdPP&fccid=9a52d9abd9db7b7c&cmp=InvoZone&ti=Business+Analyst&vjs=3
"Teacher (English, Urdu, Science, Maths, Social Studies)",Apple Group of Schools,/rc/clk?jk=cfb30d0f058ca24e&bb=VVq0vbk-d9q0uaTI5AC0xg5r7nadz3HkIEl-KaxfVmyUhd5UWZMtH0BzQgTZStg19sG_JgQ4vMzr8Yf-inb0Qlvlsywvk-YCSfhTOAlZ_ac%3D&xkcb=SoD167M3DbSr-7QHJZ0KbzkdCdPP&fccid=e1ae276e043e304b&cmp=Apple-group-of-schools&ti=Social+Studies+Teacher&vjs=3
Database Admin,Xavor Corporation,/rc/clk?jk=48c80cf980c00a9c&bb=VVq0vbk-d9q0uaTI5AC0xicqlzgTXjhkoHMi5YSZxmY2Ne_HJuoOxNadk5ssDJ39Uyis_EVfm2Rigo1DXT36wRv_eFa47t3LaEYWcoBA6Cc%3D&xkcb=SoBo67M3DbSr-7QHJZ0JbzkdCdPP&fccid=d80fcd98a96bb41a&cmp=Xavor-Corporation&ti=Database+Admin&vjs=3
ASO Expert,Dcodax (Pvt) Ltd.,/rc/clk?jk=a7cad0e894451572&bb=VVq0vbk-d9q0uaTI5AC0xkHX2UIhewoB_0udbtnEaLXelAr56vjnj6eoTCzSC_s8lT72QhyaPyb18zJD0Zij-iLx4oXd88iUBLHzU3sLkkE%3D&xkcb=SoDc67M3DbSr-7QHJZ0IbzkdCdPP&fccid=f3cb7c83f4bd88d1&cmp=Dcodax-%28Pvt%29-Ltd.&ti=Aso+Expert&vjs=3
Machine Learning Engineer,Caramel Tech Studios,/rc/clk?jk=a41ef4e808403068&bb=VVq0vbk-d9q0uaTI5AC0xv_h5ZOHfxy-ulhvnqU6Xuazna1nYyNZsHgsunT25KKHFi9hCAdOAHV8OU23x1v_XT2oqb-etyyZf34eSTafuIo%3D&xkcb=SoBS67M3DbSr-7QHJZ0PbzkdCdPP&fccid=85983499f75d376c&vjs=3
Desktop Support Engineer,ITCS (IT Consulting & Services),/rc/clk?jk=6e02481a1d5fb54b&bb=VVq0vbk-d9q0uaTI5AC0xhjXfQDQg2_v0AL5kY1QDPo_IfyY-CDQn6QYv3ilyUro4_fTLMtoQhCgms0ykFVPfq01aS2ukPw_eMTM5qW-1bA%3D&xkcb=SoDm67M3DbSr-7QHJZ0ObzkdCdPP&fccid=042610199d2a6fe1&cmp=ITCS-%28IT-Consulting-%2526-Services%29&ti=Desktop+Support+Technician&vjs=3
Remote Tableau Developer,Lucrum ERP,/rc/clk?jk=cd6a24a3f52142f3&bb=VVq0vbk-d9q0uaTI5AC0xlZ6AOGnaWVxziYuYJKhJ08f0op3HthquTpiBATwNZK3qHUNk5P2iZ2Xxx-AtxE0Qlot4UA-UKzG60Lo5_rcsDc%3D&xkcb=SoB767M3DbSr-7QHJZ0NbzkdCdPP&fccid=598fb04d621de44a&cmp=Lucrum-ERP&ti=Tableau+Developer&vjs=3
Product Research Executive,Leverify,/rc/clk?jk=4ca9150871a89404&bb=VVq0vbk-d9q0uaTI5AC0xiKnLpvBz3Buo_BrHLQh7Fo9uy1P5MjKCDljERtIkBplkKOLdbgrv9Hnd7mEbBe5WQaVefVDayArS-LUBXD40uA%3D&xkcb=SoDP67M3DbSr-7QHJZ0MbzkdCdPP&fccid=56372c1534d4ede0&vjs=3
Microsoft 365 Developer,Abeer Integrated Solutions Pvt. Ltd,/rc/clk?jk=fdeba213c13ed34a&bb=VVq0vbk-d9q0uaTI5AC0xnLCB4QOdWxfXpTILb2o74avtZc0rFTIiIm-VXWZF5E5wBFTcnuGB4N024B7BHE4S2NRnzf7Xpy8T4TLbWgUQzk%3D&xkcb=SoAm67M3DbSr-7QHJZ0DbzkdCdPP&fccid=7ecd6fb31924a8cc&cmp=Abeer-Integrated-Solutions-Pvt.-Ltd&ti=Technical+Specialist&vjs=3
Intern Backend Developer,Cloud Mesh Solutions,/rc/clk?jk=8830813973254373&bb=VVq0vbk-d9q0uaTI5AC0xtdnzAT-qhdhoDAt1g4VGM8Upeb4Ex6UpTuKOPef-ZpzxUmfE6nQxntTnOy20P__K5MuJnljqO-5VD9QLjADsc8%3D&xkcb=SoCS67M3DbSr-7QHJZ0CbzkdCdPP&fccid=7d6180fb90e5793c&cmp=Offerten--365&ti=Back+End+Developer&vjs=3
SQA Engineer,CureMD Healthcare,/rc/clk?jk=a98a43e4591e150e&bb=VVq0vbk-d9q0uaTI5AC0xlYNr_xxqP2dUvf7ZQLG7RqT2emxKtdQqnrxRdvh-Aj4ov65Z-6ikkR5sZY1OFm1QG63IRXv06c11B0aqku9rbg%3D&xkcb=SoAP67M3DbSr-7QHJZ0BbzkdCdPP&fccid=31d158ce3cec7a12&vjs=3
AI-Developer,NOBORDERZ INNOVATIONS,/rc/clk?jk=93ccfa0aa38739b0&bb=VVq0vbk-d9q0uaTI5AC0xk0MbMP-QdbNuSVJSuTaGrUbY1igwZzdSTD9NqZeUfoqJsUoLmgCI6ZHoOIS8FXkZsnj8_FTmBbFwHJ-aBrIx6g%3D&xkcb=SoC767M3DbSr-7QHJZ0AbzkdCdPP&fccid=446dd7b1563743b0&cmp=NOBORDERZ-INNOVATIONS&ti=Developer&vjs=3
Junior Full Stack Developer,Fulcrum Pvt Ltd,/rc/clk?jk=92e39f598097a7d9&bb=VVq0vbk-d9q0uaTI5AC0xqOYVp0GUA6VfVO77bigk8z1_UAtN_P_7VMf1H_UMrnAXnGIJ-ESOOvGpigoMBj5kITV8vvCV3XaAbxHHlJayuM%3D&xkcb=SoA167M3DbSr-7QHJZ0HbzkdCdPP&fccid=dc55519868e92e7f&cmp=Fulcrum-Pvt-Ltd&ti=Full+Stack+Developer&vjs=3
IT Assistant (Bahria Town),ESAJEES,/rc/clk?jk=d37b7343cc85f0ca&bb=VVq0vbk-d9q0uaTI5AC0xgZV3zM8a-xC47HXHDDRZMW8TiTlD-vQMgjI8XZGxbqSqrGSI_pJWv84V5jTtKUkSiP5nwU22QR1VZwhCWK6jUk%3D&xkcb=SoCB67M3DbSr-7QHJZ0GbzkdCdPP&fccid=636c2358f83bdbcb&cmp=F--6%252F3%2C-Islamabad&ti=IT+Assistant&vjs=3
Machine Learning Engineer,AxcelerateAI,/rc/clk?jk=067f014e79d3a65b&bb=VVq0vbk-d9q0uaTI5AC0xuwbKvskuI7okqofg4AHn_IP2XzWVZEh9WgPN8yvJmNBxZ8cTIDSfw9Weg9ZoESHf3Qtlv2NhOXN9VkxK08yb0A%3D&xkcb=SoAc67M3DbSr-7QHJZ0FbzkdCdPP&fccid=96354eac7cef4141&cmp=AxcelerateAI&ti=Machine+Learning+Engineer&vjs=3
Data Analyst & Modeler,The Brand Consultants - Karachi,/rc/clk?jk=4c757ecc4e66c939&bb=iU8csOQiCHxjArgFpba2hJzWa-N7XrguawupztyO_YHlGkyvQ48Hd9areHHkKuKkU4Ua3ZDzOqZER0EYiXqaY-adQ_WzJA_oGI59PigMzdk%3D&xkcb=SoCX67M3DbSrLhQNJh0KbzkdCdPP&fccid=7e93ab5c07dac215&cmp=The-Brand-Consultants---Karachi&ti=Data+Modeler&vjs=3
Associate Data Manager,Soliton Technologies (Pvt) Ltd,/rc/clk?jk=89dc77cc659561e2&bb=iU8csOQiCHxjArgFpba2hBGcpX0xKYN53qaREcrz1mkLU6uVI2unYTVjFk8SerrrlbaFbStlzrvnwM7CVRBn1MaBVb6qFhrcWbIPxzXEnf0%3D&xkcb=SoAK67M3DbSrLhQNJh0JbzkdCdPP&fccid=7db1b8bd934ae79a&cmp=Soliton-Technologies-%28Pvt%29-Ltd&ti=Data+Manager&vjs=3
Programme Assistant (BISP Stunting Prevention) - SC5 - Punjab (Multiple Locations),World Food Programme,/rc/clk?jk=baad18a3ad9518fb&bb=iU8csOQiCHxjArgFpba2hFaQHebdoUdWihNcAx5PR0-PwtMMAoJ0nogHjok525D8DFqYBSb8biFeG0f0TEdz5F_lo25PGKu0qJAjrMHyHMQ%3D&xkcb=SoC-67M3DbSrLhQNJh0IbzkdCdPP&fccid=9f1f377f38839693&vjs=3
WordPress Developer,Soft IT Land,/rc/clk?jk=9c405ce62423dbc3&bb=iU8csOQiCHxjArgFpba2hMg5z_x97hGGI801xSp8KN0wSXb_zledmOeYwy3U2qhoQGL2VtcmL2BperNk6RCRerdf-kupBwFMtfVIfDeIITo%3D&xkcb=SoAw67M3DbSrLhQNJh0PbzkdCdPP&fccid=e775ead6eb9da381&cmp=Soft-It-Land&ti=Wordpress+Developer&vjs=3
Computer Vision Engineer,Workforce Commerce,/rc/clk?jk=04a740d59977932b&bb=iU8csOQiCHxjArgFpba2hB9TlmVu8DffNcywG3BMO8RlJQz7LvnTdEFaPC1T8ynADddcAJ7yi9mVHTBXC_pt77klF5AG-BK2SlmoDXCrMNY%3D&xkcb=SoCE67M3DbSrLhQNJh0ObzkdCdPP&fccid=fcb1ce2b515d19ec&cmp=Workforce-Commerce&ti=Computer+Vision+Engineer&vjs=3
Node.JS,Evamp & Saanga,/rc/clk?jk=10ebb606094e4964&bb=iU8csOQiCHxjArgFpba2hOoWcR3PfAZz56EhBm64PtG8PEfGdZ5Oy4C2HPgbo718zQ97vULNSb8IvgRCcF9AcCBRokFlbsPk-7PQ43y2SL4%3D&xkcb=SoAZ67M3DbSrLhQNJh0NbzkdCdPP&fccid=68af00adaea2345c&cmp=Evamp-%2526-Saanga&ti=Node.js&vjs=3
Digital Marketing Manager,JLPS Group,/rc/clk?jk=60787eccf7ae8651&bb=iU8csOQiCHxjArgFpba2hKriaJVMvAz4dJZpNn-m0NQwA0C1YKzWAYpfiNeZ_mAc81KMmKXaLtbV-toj0XpBQGF2eLq4ZmmcrUJr2cYxm4o%3D&xkcb=SoCt67M3DbSrLhQNJh0MbzkdCdPP&fccid=c530b9e863e1a7e8&cmp=JLPS-Group&ti=Digital+Marketer&vjs=3
Data Scientist,Systems Limited,/rc/clk?jk=ec606d45d761847a&bb=iU8csOQiCHxjArgFpba2hMZr4GwRrXF-1_nglP5QxjtXSNHQK4tDC9KdG4sHw48hDqBLzq3S0s5AYvpSe_oQagzzZBTbBfoOgpJe5Oeu8es%3D&xkcb=SoBE67M3DbSrLhQNJh0DbzkdCdPP&fccid=513d00e337655aaf&vjs=3
IT/Operational Technology Auditor,Aamir Salman Rizwan Chartered Accountants,/rc/clk?jk=48127615dbe2a71c&bb=iU8csOQiCHxjArgFpba2hCGqLDZDwDNPEnkYwkjzCNUuFBa36Ndljml1vqsRvt2ZwY6h9-48SXLL12EJ-f-O3Y_WnWjeo2J4Wr3qnBqORRM%3D&xkcb=SoDw67M3DbSrLhQNJh0CbzkdCdPP&fccid=f8c1b1fd8cf833a5&cmp=Aamir-salman-rizwan-chartered-accountants&ti=IT+Auditor&vjs=3
Jr.Data Scientist / ML Engineer,AppsTek Corp,/rc/clk?jk=2b8ca77b5cf3ca30&bb=iU8csOQiCHxjArgFpba2hA5fldvd0zyiQuRjqnJjrQsnO7FDyyTbZD_sPTbicK5JtMDQVOTyClkTQOnAvt7jCBivdCK8sotVYfGBxyQH8LA%3D&xkcb=SoBt67M3DbSrLhQNJh0BbzkdCdPP&fccid=da305d837b5f2266&vjs=3
Assistant Manager Stewardship,Syngenta Crop Protection,/rc/clk?jk=4cd9e59c633df12a&bb=iU8csOQiCHxjArgFpba2hKtMtpPPjtiHnEX_7XEvvHuG2DcWB5VXC-BPlmcm6-_7PkTq8JCpnh749fKb4RjeTFJrX7zZXtiEW3527e-yqeQ%3D&xkcb=SoDZ67M3DbSrLhQNJh0AbzkdCdPP&fccid=212d266bb52619f8&vjs=3
Data Engineer,Avanceon Limited,/rc/clk?jk=d6bc7fe4699a64c0&bb=iU8csOQiCHxjArgFpba2hMg5z_x97hGGiBOiXefgeSIimE8skTtJiS4ZjVcQwaBWmQfiHneEScC2wRNOwIDKlo1X_pOYGir1hVMrPN-yw48%3D&xkcb=SoBX67M3DbSrLhQNJh0HbzkdCdPP&fccid=09ba960c1f252172&vjs=3
IT Officer,Al-Razzaq Fibres (Pvt) Limited - SAYA,/rc/clk?jk=88a05da79a61634a&bb=iU8csOQiCHxjArgFpba2hBatQxC1F1sBWOHLV1zhFGuSTnMp-ajFdznDUW0qV08hGfh9ILZ5nhCK1DhjGYxSif5TxxIWlEWjr-1FPRtcLek%3D&xkcb=SoDj67M3DbSrLhQNJh0GbzkdCdPP&fccid=4305329660211481&cmp=Al--Razzaq-Fibres-%28Pvt%29-Limited---SAYA&ti=IT+Technician&vjs=3
Data Scraper Specialist / Lead Generation .,Pixels Soft,/rc/clk?jk=c0be2c44ce4e302d&bb=iU8csOQiCHxjArgFpba2hEA9j2YMYhNYgaxigfsryyxwxAqC0QHaQohYrewNMHO4mbz3O_Ko1p91LSIwYHWss2Dr36ekGK-mJq4kiN0Hpzo%3D&xkcb=SoB-67M3DbSrLhQNJh0FbzkdCdPP&fccid=4ea9b7bd5ff8cd25&cmp=Pixels-soft&ti=Lead+Generation+Specialist&vjs=3
MERN Developer with ChatGPT and AWS Experience,Altivex,/rc/clk?jk=54a5132d3c9f1eaf&bb=iU8csOQiCHxjArgFpba2hOrtN5k7Uiswa246ZD0tWKKvAMsN-E5_aagqmIe2iqnkojE8ZbsQrISjX9jMKUIc2XcvkRP0hVn9SJgdmRsL2kY%3D&xkcb=SoDK67M3DbSrLhQNJh0EbzkdCdPP&fccid=f2aeeddc3dcd28e8&cmp=Altivex&ti=Developer&vjs=3
Digital Marketing Expert,Techsole System,/rc/clk?jk=51e273f32a757d0c&bb=AvA6V8XzMQcAp9ed9xk-9NeHGInn-JbFuvydd0VhzFHMsVY4_-w0PrqTzyMr5h7ndLrSbWHs7HIDe29SN3nuxzGFwq2puDFYX4ixtiZE8WM%3D&xkcb=SoDL67M3DbSqNEQsTB0LbzkdCdPP&fccid=af865e203fa63b60&cmp=Techsole-System&ti=Digital+Marketer&vjs=3
Software Quality Assurance Engineer,Kwanso,/rc/clk?jk=4dfb85b36e861f4d&bb=AvA6V8XzMQcAp9ed9xk-9NGxVI-31j_jbpmKsARf2YxMlikX1YKsMlhXoDV-LZZuTsAcuJpJJOEN3EwlP1ikmZzl-aXMCuon3-_j0pWg8BU%3D&xkcb=SoB_67M3DbSqNEQsTB0KbzkdCdPP&fccid=53ee85d4388e014d&cmp=Kwanso&ti=Quality+Assurance+Engineer&vjs=3
Machine Learning Engineers,"Lahore, Punjab",/rc/clk?jk=46aa5bed1ff6152a&bb=AvA6V8XzMQcAp9ed9xk-9Hgtszu5qBJh1WHh_8QzostTDviPTkv6oZ6-x1PLXkpBLHd2ypB7cduhcf2ffkYuR8iqrdkWCR5sMSBL3n4LRts%3D&xkcb=SoDi67M3DbSqNEQsTB0JbzkdCdPP&fccid=990c03119e359648&vjs=3
Full Stack JavaScript Developer,Epochclan,/rc/clk?jk=78217355ccb21265&bb=AvA6V8XzMQcAp9ed9xk-9PmfrtTqFbBu71CYKXG4Wu8gdd71PFCbp6cGiWOVoosOY0M903EeEbTuyia3XtUyFneMbI6BKgEWSayCZbaCXbY%3D&xkcb=SoBW67M3DbSqNEQsTB0IbzkdCdPP&fccid=32753a11d3d84723&cmp=Epochclan&ti=Full+Stack+Developer&vjs=3
SQL Developer,ALM Human Resources,/rc/clk?jk=a5c0d5e45bbc6691&bb=AvA6V8XzMQcAp9ed9xk-9Ap_8WlILzDTzMi_C4rvOef16Sq9kngzpuaq584YxWAiyUqHXUUdJ9U7csO5p2EtFkWyPmCzUlyGCb3HGng6drk%3D&xkcb=SoDY67M3DbSqNEQsTB0PbzkdCdPP&fccid=74eb51a8684e3a7a&cmp=ALM-Human-Resources&ti=SQL+Developer&vjs=3
Backend Developer,Megastruck,/rc/clk?jk=1c332d761cdbef55&bb=AvA6V8XzMQcAp9ed9xk-9MxQkII4gnnFoFwTkjMqt4hW_WmFdNbOep-VH7Xkqox9smikpkqGFwPveLUyRW5SOssFcZ51YkeTwZzOulv7mns%3D&xkcb=SoBs67M3DbSqNEQsTB0ObzkdCdPP&fccid=abc911584c68191a&cmp=Megastruck&ti=Back+End+Developer&vjs=3
Data Engineer and Analyst,Blend,/rc/clk?jk=3ef821c60034f5d4&bb=AvA6V8XzMQcAp9ed9xk-9AFN7pRbs5FzjhhUzw5Ep0fyRB5O_e9O5dmnVbwMyjENsut1JkXA-gYWYZ_DVOhw8ExqGgjmn_6ztUfN44zcDuo%3D&xkcb=SoDx67M3DbSqNEQsTB0NbzkdCdPP&fccid=33643dc788c7932f&cmp=Blend&ti=Data+Analyst&vjs=3
Android Developer,Plancare,/rc/clk?jk=92c0e676462bb364&bb=AvA6V8XzMQcAp9ed9xk-9Dz7QJjobyAhspL1goD2Th2-xY6a8msxrUsokieQ4VLa6g21B8J8TZYzjIeAcxNiftieP7eII9OveE_UaW1vrgc%3D&xkcb=SoBF67M3DbSqNEQsTB0MbzkdCdPP&fccid=f77643f751e3cae0&cmp=Plancare&ti=Android+Developer&vjs=3
Lab Assistant,"Iqra Institute of Health Sciences,Islamabad",/rc/clk?jk=fa28827124884a54&bb=AvA6V8XzMQcAp9ed9xk-9IXZoxbV3VWA31n0tH61tHV2ABmTyD7ePrSCuRXyzCe4eFtmYvbCB86ZLV22av836t5fpSUJVvmBgK6Pes5zT4s%3D&xkcb=SoCs67M3DbSqNEQsTB0DbzkdCdPP&fccid=073c85e0b34a76cb&cmp=Iqra-Institute-of-Health-Sciences%2CIslamabad&ti=Laboratory+Assistant&vjs=3
Data Scientist,Toko Lab,/rc/clk?jk=d528706e27f78ac8&bb=AvA6V8XzMQcAp9ed9xk-9MenIxRwS_IvJ0Kr8tncvutc7eBxQetbGn7lqkQdRTr8x8qibPOBCqWYSxFWJboU4C3jqbGmvmYQ3ecodWeceq0%3D&xkcb=SoAY67M3DbSqNEQsTB0CbzkdCdPP&fccid=37ef485b1c6e6d9d&cmp=Market-IQ&ti=Data+Scientist&vjs=3
Trainee Data Engineer,Squarera,/rc/clk?jk=3584adac9ab3c3cf&bb=AvA6V8XzMQcAp9ed9xk-9GPSFDIswYGx9alNija3smTm-Zn30HQorMycsezwNNtsWUKSSXUnPQciYMSWa-0MxUJ2oPrhjJmQTQ-HDP_TJ00%3D&xkcb=SoCF67M3DbSqNEQsTB0BbzkdCdPP&fccid=9b1f13b7498a9bd6&cmp=Squarera&ti=Trainee+Engineer&vjs=3
Product Analyst,TCP Software,/rc/clk?jk=7ffb5132414f0804&bb=AvA6V8XzMQcAp9ed9xk-9HOc1A1sK-twv8RJ9SZCrFmA_PjTPrbjwQN8VfZJi_VIAR6hJIWiNVP0Aqw-YJ0CT0tksfWoyfiTrvmgfySofFA%3D&xkcb=SoAx67M3DbSqNEQsTB0AbzkdCdPP&fccid=82e95b0a62c053cd&vjs=3
Assistant Network Administrator,High Qualify,/rc/clk?jk=e53b9ebe98707ff0&bb=AvA6V8XzMQcAp9ed9xk-9Ac4UnfJ7ueV4dHxNnJmCezh2cRuA5_MVcXKEHAFZa_WkteaWBiRMNIjove4M2gXmJLtfLB45rv1CdW0EvPrKQ4%3D&xkcb=SoC_67M3DbSqNEQsTB0HbzkdCdPP&fccid=8d0a9779159cdb86&cmp=Speak-Viral&ti=Network+Administrator&vjs=3
AI / ML Engineer,Centrox AI,/rc/clk?jk=a4897d823a3f98c7&bb=AvA6V8XzMQcAp9ed9xk-9PzZJ99vQFKYN6HSq8DpMlzvjewVnOx7tjHCHPWiko-4dshM3h2_oDPjVgtALH4Nf9c5jaFSCixfrcgjYGuon8o%3D&xkcb=SoAL67M3DbSqNEQsTB0GbzkdCdPP&fccid=880613ff3fa7a664&cmp=Centrox-AI&ti=Engineer&vjs=3
Jr. SEO Backlink,Virtual Intelligence,/rc/clk?jk=1164bd7ca5cdb02b&bb=AvA6V8XzMQcAp9ed9xk-9NpD8VRq_c5gVVX9XkMvp3BKQJovQkI6_1cFjufyVZcBeDmyFGxZa1RyIZUfkMT4ymrSEmBLbMciwH0UQw36Qfs%3D&xkcb=SoCW67M3DbSqNEQsTB0FbzkdCdPP&fccid=996b34077318e0ae&cmp=Bini-Telecom-Avatar&ti=Junior+SEO+Specialist&vjs=3
Data Engineering Technical Lead,Algo,/rc/clk?jk=2311e7558a213630&bb=22oU_SCHvbUsHuFm4wZGHd2kmaBrE-kHORlC89YNzL8tEXNxErJWQQ-Xrm4ZocGLDnLFzxiUaw8qv5baDW2JDEe7WzkrsxJ0uaD-282Ipe0%3D&xkcb=SoAa67M3DbSphswNNB0IbzkdCdPP&fccid=0bafe05dff4e9011&vjs=3
DotNet Developer,Unionlogix,/rc/clk?jk=1d98fee8a3689e60&bb=22oU_SCHvbUsHuFm4wZGHYXGeOQK8JgpWXvYPaGJFDnLplCjjIGjjTCSRliHDBoFRXTEQaf8wCJkZAhLj2Qldml3yaDLm4AzwGcpUi5mozo%3D&xkcb=SoAg67M3DbSphswNNB0ObzkdCdPP&fccid=2b07e4c2d7334ed2&cmp=Unionlogix&ti=.NET+Developer&vjs=3
IT Technician,brilliant mind events,/rc/clk?jk=0521fb993388bdfd&bb=22oU_SCHvbUsHuFm4wZGHZt1cNDXL0FvLhWUCrKqCdM-BGCI_l3M328WQoeUKh4PplFR5394Ez_ennXpfiwPOJODnQWRrGpvQj_D_BO4k2k%3D&xkcb=SoAJ67M3DbSphswNNB0MbzkdCdPP&fccid=3c3dcdaab858d96c&cmp=brilliant-mind-events&ti=IT+Technician&vjs=3
Senior Data Scientist,FiveRivers Technologies,/rc/clk?jk=73dd1b0713e638b2&bb=22oU_SCHvbUsHuFm4wZGHdC32pEpPCXYjn3tBSawRhM7sDvBfH4hIeMef4mE_2It6C5UtEdNjfqDBWAuLgC1VJQHlPK3yTfue6Mu7MpduBU%3D&xkcb=SoDg67M3DbSphswNNB0DbzkdCdPP&fccid=f9d022db1144d466&vjs=3
Intern,Systems Limited,/rc/clk?jk=f41a9af086fa3f6c&bb=22oU_SCHvbUsHuFm4wZGHbUc7tdfbWpfCwBDQLGAtMN4DyaBHIfhnM4uBRRFCg5YmlksDmMTlpPbcnnok-4wDlym9dHwXmqEKFKif-H9ifA%3D&xkcb=SoBU67M3DbSphswNNB0CbzkdCdPP&fccid=513d00e337655aaf&vjs=3
SaaS Product Associate,Programmers Force,/rc/clk?jk=f0e2c231909e6982&bb=22oU_SCHvbUsHuFm4wZGHXFYUmfKz-KsRaLBXBVgCOvhNmIUyxsEs2na2t3aM678CtH8u4Hn_LF1rc5_WH4i9-W2ILcA0JkQXEEdT_qRHRc%3D&xkcb=SoDJ67M3DbSphswNNB0BbzkdCdPP&fccid=f966d106283e1355&cmp=Programmers-Force&ti=Saas+Product+Associate&vjs=3
"Data Collector (Rota Virus), Department of Community Health Sciences",Medical College,/rc/clk?jk=d83c971f80654b36&bb=22oU_SCHvbUsHuFm4wZGHVJ2MEzW3ixDF95xD04D39U6JKhwD_fhEomvwadsQFt_voUGhnd2MD6RSvEBqMEv_CzBwN1pYsXATyVb5H-KRew%3D&xkcb=SoB967M3DbSphswNNB0AbzkdCdPP&fccid=640dca9eb5ac7545&vjs=3
"Officer, Accountable and Inclusive Programming (AIP)",International Medical Corps,/rc/clk?jk=c9f57b197b2dbe34&bb=22oU_SCHvbUsHuFm4wZGHcEjEG8qEzqjo-keEfkfb3sTZE7BlCNT9XeaF6VR5JxZv0HLeTAqTAtnvlDfyV0nV_gJzkPqQo0YpBk02I-sQfg%3D&xkcb=SoDz67M3DbSphswNNB0HbzkdCdPP&fccid=cfd70e6089d9b527&vjs=3
Full Stack Developer (On-site),Centrox AI,/rc/clk?jk=b57d83b770076eda&bb=22oU_SCHvbUsHuFm4wZGHd2kmaBrE-kHgWjUcbm2p-tvPBU_tiNb-W3If6WA81ZDYBj93mggaYXJawjJsO-BnT1o9Xqye6DsBIrId3_Iwm8%3D&xkcb=SoBH67M3DbSphswNNB0GbzkdCdPP&fccid=880613ff3fa7a664&cmp=Centrox-AI&ti=Full+Stack+Developer&vjs=3
Videographer,Septem Systems,/rc/clk?jk=4f8f6dc8e5594753&bb=22oU_SCHvbUsHuFm4wZGHSwaol3zXq5Cr1b7KKpDgmQJ_4zA0oxfjNgwtVzieVefou_UaFs0gifb9_MtsfGN9S5giSZxk1V8x3X_qnNFQas%3D&xkcb=SoBu67M3DbSphswNNB0EbzkdCdPP&fccid=bdab220e10f08524&vjs=3
Data Analyst,NCRi Inc.,/rc/clk?jk=b51116c2f7fc76fd&bb=22oU_SCHvbUsHuFm4wZGHTgyYRQPs1GJeTdO-AA2vtdhLuVdnQPGqr99J5oivVL1tO50TRYHwh1VSCGrTuTjiu5ihpgv56Ez_dheHlG0v0c%3D&xkcb=SoD967M3DbSphswNNB0abzkdCdPP&fccid=5bbd4038349ec256&vjs=3
Python Developer,Meptics,/rc/clk?jk=f0327ab0148eb65f&bb=22oU_SCHvbUsHuFm4wZGHcawOknDKczEEJa1t6VXw6if-1l9T0GD5jtwiSRd8XDQU04ebdMDDZym0Ec3XGBP5GpD17NNfcQM2CE_w80iRIU%3D&xkcb=SoBg67M3DbSphswNNB0ZbzkdCdPP&fccid=26d50d107fb7131e&cmp=Meptics&ti=Python+Developer&vjs=3
Data Scientist,Cognitive IT Solutions,/rc/clk?jk=84d37ef3264fe853&bb=22oU_SCHvbUsHuFm4wZGHcis6bY6qrFZ8r-oxhgn_7zZHDXa1zo_yyfG4kH56g9i15pweY50u9Ms7IZxoJsxp0ZHHSij66wG6XVbIljaBsc%3D&xkcb=SoBa67M3DbSphswNNB0fbzkdCdPP&fccid=5780812520466659&cmp=Cognitive-IT-Solutions&ti=Data+Scientist&vjs=3
Django Developer,International Call Centre,/rc/clk?jk=5891d488ac69a869&bb=22oU_SCHvbUsHuFm4wZGHY5MnCFCSNd2yhMRWtA1F9NqSjn3n9DTWvooFI_3GeLh1C792qLYu4n0odsxo9UvPJIWnb1kGkGWSZaIuHYnIKc%3D&xkcb=SoDu67M3DbSphswNNB0ebzkdCdPP&fccid=eb5a66148ac56c34&cmp=Hashed-Sysytem&ti=Developer&vjs=3
Machine Learning/AI Engineer,Smart Placement (Pvt) Ltd,/rc/clk?jk=0140c08a7a3ef07a&bb=22oU_SCHvbUsHuFm4wZGHT280DnThBufaH1ECGVWND5lqxvp_-FMJTDaqURqavf6ReygWA53k4cd5sD6EjF1JCYvFq7O0Wh1MJTlIbE41-k%3D&xkcb=SoDH67M3DbSphswNNB0cbzkdCdPP&fccid=8d2c4609b71b6afd&cmp=Smart-Placement&ti=Machine+Learning+Engineer&vjs=3
Data Engineer,Avanceon MEA,/rc/clk?jk=9a48ff13c799f372&bb=kkS6-maaEJhfsMUms41c9vd8GPYlgYuRgff3m3jO0xa9cRDycvIxuKB5qJDXSKtn4082xsqoEFdRhs22gSK4bXVudp-pqwuPONdA-gCzmY8%3D&xkcb=SoAA67M3DbSoYrQsTB0LbzkdCdPP&fccid=09ba960c1f252172&vjs=3
Junior iOS Developer,QBXNet,/rc/clk?jk=874a832572f1afc2&bb=kkS6-maaEJhfsMUms41c9mYL9y3ii6q_Sn52oIDKec3NmxMKrlTWZ0mdZhzbsWA_cvdS3aBaG28FnqGne260Zj0kyf7aUdA6_ZvGOeszqu8%3D&xkcb=SoC067M3DbSoYrQsTB0KbzkdCdPP&fccid=e0b7d5563f7135d2&vjs=3
Administrative Assistant,UN,/rc/clk?jk=d7a208b62d770ac0&bb=kkS6-maaEJhfsMUms41c9tTLWE4IeOkIT7itR0Sz9s7tLa4fiiewUp6JbXUQtFeqxt433SkWWcx9Ai-igQBlACBSkoFvTWU3l50pNmn1xCU%3D&xkcb=SoAp67M3DbSoYrQsTB0JbzkdCdPP&fccid=040201bfa0c59d6d&vjs=3
Business Intelligence Developer (Power BI/Tableau),Soliton Technologies (Pvt) Ltd,/rc/clk?jk=01df2135cca88dd1&bb=kkS6-maaEJhfsMUms41c9mshaYATQU9tHwzALICQ6N4S7xJYSagSyCzobykvwIIvr38pbFwZ84ibxcaqGyNK-wTcjPf78q2grFFsgOPFaB4%3D&xkcb=SoCd67M3DbSoYrQsTB0IbzkdCdPP&fccid=7db1b8bd934ae79a&cmp=Soliton-Technologies-%28Pvt%29-Ltd&ti=Business+Intelligence+Developer&vjs=3
Data Scraper,Xtel G Solutions,/rc/clk?jk=13b2c8b45b972b3d&bb=kkS6-maaEJhfsMUms41c9nIIyV74weZcW8FqdUwu4YrnmNxTRXZjFWeNJo0bcqm3DTt2USph0wxfju7Srrt4MadAIQSmOWIvs67o8RoQjAU%3D&xkcb=SoAT67M3DbSoYrQsTB0PbzkdCdPP&fccid=bf25b11259301d5f&cmp=Xtel-G-Solutions&ti=Data+Scraper&vjs=3
Principal Consultant Dynamics 365 CRM,AlphaBOLD,/rc/clk?jk=fd50e159004f5580&bb=kkS6-maaEJhfsMUms41c9oM4CR9Sszwel0gqVOhudgFFS2E0EBIxzFRcO_WYN7HY7XxopqvmQ2faaHtQ9MOpY230R_JVCRU8hqftOsDkS00%3D&xkcb=SoCn67M3DbSoYrQsTB0ObzkdCdPP&fccid=336b45ec51634846&vjs=3
AMAZON MARKETPLACE ANALYST,Pure Corporation Pvt. Ltd.,/rc/clk?jk=f92195c54b3a1c9a&bb=kkS6-maaEJhfsMUms41c9vjX5BK0OL-AsK2s9iVfVVFKJJxagjngBXe2r-INDz6yGv4dM3Dv70x-1nu7crcJxaDdZnY5cyzzGysam4p8Uco%3D&xkcb=SoA667M3DbSoYrQsTB0NbzkdCdPP&fccid=573fea5b4e8b2531&cmp=Pure-Corporation-Pvt.-Ltd.&ti=Amazon+Marketplace+Analyst&vjs=3
Content Acquisition Associate,"Lahore, Punjab",/rc/clk?jk=ac4f913497df09c9&bb=kkS6-maaEJhfsMUms41c9lnOf_TdK_9hYu40RDgwEMDCDfPSGe6lEjVhzfecSiSPeFGrCrEiIH4U9WNVX7Vn54TqHt1ZJDXf9RGyd9l6SBo%3D&xkcb=SoCO67M3DbSoYrQsTB0MbzkdCdPP&fccid=990c03119e359648&vjs=3
CRM Software Developer Internship,CrecenTech,/rc/clk?jk=abfea749947537ff&bb=kkS6-maaEJhfsMUms41c9n9bJ1j7rrGTM--_CrrVtxqSSwkCJmCk2eJwIwGLyc0k1ihylT-LG-fs20yaRMBRkq5UZXZxLRycp7AmKrSe0TY%3D&xkcb=SoBn67M3DbSoYrQsTB0DbzkdCdPP&fccid=5178df3222b2abe4&cmp=CrecenTech&ti=Software+Engineer&vjs=3
Generative AI Engineer,Cogent Labs,/rc/clk?jk=23dfd8d835608f08&bb=kkS6-maaEJhfsMUms41c9gg7a3heBNBqyNV8yphIuEaKS3dAtVoTM-kubkEBlLhgiIFm4qX8KxCwhcRSoUZ367Pwa4UBqSMpOnw_RITxQoM%3D&xkcb=SoDT67M3DbSoYrQsTB0CbzkdCdPP&fccid=063dfaf9957017fd&cmp=Cogent-Labs&ti=Engineer&vjs=3
Python Developer,Onism Solution LLC.,/rc/clk?jk=f9568c5cd515c2f1&bb=kkS6-maaEJhfsMUms41c9payjT_CEhyblLWrAJEUPz4a26MTTaWclCnvZFqKJqLOzciWPl0sX4TN6WwoW0RsWk6FfdouhoJML8Ue-DF-cL8%3D&xkcb=SoBO67M3DbSoYrQsTB0BbzkdCdPP&fccid=b8a19893a43b1521&cmp=Onism-Solution-LLC.&ti=Python+Developer&vjs=3
IOS Developer (Swift),Devbunch Private Limited,/rc/clk?jk=98a69bfadf7754d5&bb=kkS6-maaEJhfsMUms41c9mYL9y3ii6q_2MeXq0Ng9-TkIAOwiHF-XBZfoJTzqTSaBAx7Y-bIZg9jXGZtYi6tymoLwIKVMEnRvDY_WSizaKY%3D&xkcb=SoD667M3DbSoYrQsTB0AbzkdCdPP&fccid=fffcc08e47f77e95&cmp=Devbunch-Private-Limited&ti=Ios+Developer&vjs=3
Content Writer,BJS Soft Solution Pvt Ltd,/rc/clk?jk=eff5c8063540cf8d&bb=kkS6-maaEJhfsMUms41c9t5pI_RgZj5cm_MbkpN1wRErroeLOZyL3Tqf3xdpbIiWcQCCR6yF3kIPMeXtmdbzi3D3wMGavxbGlTFGT-quIBg%3D&xkcb=SoB067M3DbSoYrQsTB0HbzkdCdPP&fccid=63c0d1b5ff9e8c60&cmp=BJS-Soft-Solution-Pvt-Ltd&ti=Content+Writer&vjs=3
Computer Science Lecturer,Muhammad Ismail Allah Wala Women College,/rc/clk?jk=4dd654a26c4dc976&bb=kkS6-maaEJhfsMUms41c9tbaaKlE7upks1Il569ADNLHxgDeISB-6aVTD-6QFsW7hqhMx4YdGrj1AbNxF28GCz9TKIt36eEteMq5ovJdNAI%3D&xkcb=SoDA67M3DbSoYrQsTB0GbzkdCdPP&fccid=c41fe1fa8c95738b&cmp=Muhammad-Ismail-Allah-Wala-Women-College&ti=Lecturer&vjs=3
Media Science Intern - (Female),The Brand Consultants - Karachi,/rc/clk?jk=8e7fd599801fc36b&bb=kkS6-maaEJhfsMUms41c9tr_QpPagZ1Hjna12nKkp4K4ce9jWvgHRP9bJ1jDkIbDSFPpp8rA3dz21o1i5oOJWmL_2QqOB0joWINm0zEJu1Q%3D&xkcb=SoBd67M3DbSoYrQsTB0FbzkdCdPP&fccid=7e93ab5c07dac215&cmp=The-Brand-Consultants---Karachi&ti=Data+Science+Intern&vjs=3
React Native Deveoper,Cogent Labs,/rc/clk?jk=c9efb8af8a4e108f&bb=OzRkXObXyOVjEJvOHP-lZnyGNN1cD0HYWm6lC_y7bvODu43PL7nyAHS2lRT4wDEcF-LUH9M2ujjEpdQykJrX_vo5HYpM3P95QdrCdA6pFTE%3D&xkcb=SoAL67M3DbSnM5wHFh0LbzkdCdPP&fccid=063dfaf9957017fd&cmp=Cogent-Labs&ti=React+Native+Deveoper&vjs=3
Admin Assistant,CAB International (Regional Bioscience Centre...,/rc/clk?jk=aa5f4cecf927b2c1&bb=OzRkXObXyOVjEJvOHP-lZpXLZA2BdE1cF6R83SAOJIj3u_jhZsnurvpPnh51pVSHXG-o9WrMIKz0CmXAEWX6sKibKtkTsyp8H514K0RL0w8%3D&xkcb=SoC_67M3DbSnM5wHFh0KbzkdCdPP&fccid=dd616958bd9ddc12&vjs=3
IT intern,Vision Tech,/rc/clk?jk=18c4a05964064467&bb=OzRkXObXyOVjEJvOHP-lZtFlmvwWOZ6nuw3NK3vqoJy_Ldyn9sGPLUkLth3jYprOmwOAVZH1sOioG8qwJ72d8F-hboe0uT-HD4DzX4-P5Tg%3D&xkcb=SoAi67M3DbSnM5wHFh0JbzkdCdPP&fccid=86c6cbb1fbd3b02e&cmp=Vision-Tech&ti=Information+Technology+Intern&vjs=3
Generative AI Designer,Matlay,/rc/clk?jk=90592679811d0ee8&bb=OzRkXObXyOVjEJvOHP-lZjaAoXCsjva9yJjotX7k8lt0OTSiFW1-MWBKGfaMCx1KcRLScmZdyZpaVko0L3GcOzjGR66gNvX-kNBZRCgIfoU%3D&xkcb=SoCW67M3DbSnM5wHFh0IbzkdCdPP&fccid=86f316750adabf2d&cmp=Matlay-Ventures&ti=Designer&vjs=3
Assistant Manager - Talent Acquisition,The Citizens Foundation (TCF),/rc/clk?jk=cca740f9dffd966c&bb=OzRkXObXyOVjEJvOHP-lZuRGSHWuUgURVCuZOov0KGVM-dx3Xa_ouz8LCspD3n7PJJqBALBp2-IS66xDGGqcRilWg-lwQ1efxfUXYLVeXgQ%3D&xkcb=SoAY67M3DbSnM5wHFh0PbzkdCdPP&fccid=c7144792069c6de7&cmp=The-Citizens-Foundation&ti=Recruitment+Manager&vjs=3
Information Technology Officer,Textiles / Garments,/rc/clk?jk=ab25670d14c9c188&bb=OzRkXObXyOVjEJvOHP-lZoP5shDAUFGrmuX0YirJNjKyLzfJJQCW-5p1yp_bJfLzyw3bMVdVcBT9bMppfkZZQzAhw_TsBJSICCZTckQVvtY%3D&xkcb=SoCs67M3DbSnM5wHFh0ObzkdCdPP&fccid=d59429748b7781ee&cmp=Sale-%2526-Business-Development&ti=Information+Technology+Specialist&vjs=3
Data Warehouse Engineer,360factors,/rc/clk?jk=7c42bd0dbd9279d4&bb=OzRkXObXyOVjEJvOHP-lZr8r-HmNM2KFKnQGbCkhiiXUkkuc596tJvFgtS4A-QAlfEjYpZlGlX9tfmn6Rz1EBnhWxNZ0zaaoq4eRD1_-z94%3D&xkcb=SoAx67M3DbSnM5wHFh0NbzkdCdPP&fccid=d22349acbca64664&vjs=3
Investment Researcher - Plutus21 (Powered By Qureos),Qureos Inc,/rc/clk?jk=caba494835e894fc&bb=OzRkXObXyOVjEJvOHP-lZn-cXULx7az7kZQr3hQGAxwz9nyRtYcFy0OCpDDxn1C1umUS2RwIMEiaEfs97tukTK_7LCgJYO6OT9uxuzjjfqQ%3D&xkcb=SoCF67M3DbSnM5wHFh0MbzkdCdPP&fccid=1f14d0072a3d2e63&vjs=3
UI/UX Lead,Cogent Labs,/rc/clk?jk=ae7ea23eb5fd6277&bb=OzRkXObXyOVjEJvOHP-lZs-EgmOjFOOIQGk-VFkRtfUI6xYxv_w18LrDNMB3E7Va0sjsyWqg1c-vggkWVByljU4356sdhBDYMYn2cEhdsAo%3D&xkcb=SoBs67M3DbSnM5wHFh0DbzkdCdPP&fccid=063dfaf9957017fd&cmp=Cogent-Labs&ti=User+Experience+Designer&vjs=3
Software Engineer - Analytics,i2c inc.,/rc/clk?jk=b64fa28ca2ce9b5f&bb=OzRkXObXyOVjEJvOHP-lZs_ackyUOfBRNyF0HLh6IztoLnCRQsxHnMBYK1PG1houyCpcZOCcEcNuPizAC--sfpY_IxFjKMTvc9YqAjYwf4A%3D&xkcb=SoDY67M3DbSnM5wHFh0CbzkdCdPP&fccid=64038196ee98fb05&vjs=3
Technical Application Specialist - Molecular Diagnosis,Cepheid,/rc/clk?jk=44ceb56664d0d754&bb=OzRkXObXyOVjEJvOHP-lZrF2UmkujyOgqVRcgLXOkJdOe5tRXkPUfeGiqJqKSscF4HdBJ77rNxumYs7v7qrhnoaWqoDQfreOKWGWje5s0HM%3D&xkcb=SoBF67M3DbSnM5wHFh0BbzkdCdPP&fccid=2dc2f35c3405a529&vjs=3
Python Developer,ETill Solutions,/rc/clk?jk=d7d00c76585e02b1&bb=OzRkXObXyOVjEJvOHP-lZhf0HSUcruDmMEjWyMh6DzAZiw0depv_Ot8cqVvYzqhTXc_AqiVo0nfwTd4mh8rR4kv2ThGO1N7QTIQxcmW59Lg%3D&xkcb=SoDx67M3DbSnM5wHFh0AbzkdCdPP&fccid=8ed693bdb1fa9b3c&cmp=Maeme%2527s-Limited&ti=Python+Developer&vjs=3
Project Development Officer,CRSM consulting,/rc/clk?jk=091bf7b1cd3434d7&bb=OzRkXObXyOVjEJvOHP-lZm6KxjDWR6vIsM-OQIuloiJ9b9fla5BHvP8ujBZmzK5MvoIExkPBgIWvE6lnMrIUDSORJblfbb8fe0M8tHMpXtk%3D&xkcb=SoB_67M3DbSnM5wHFh0HbzkdCdPP&fccid=afac96fad95eab1a&cmp=CRSM-consulting&ti=Philanthropy+Manager&vjs=3
Lead Data Analyst,GoSaaS,/rc/clk?jk=65dd6ed982fec9d4&bb=OzRkXObXyOVjEJvOHP-lZiKySPhkx0Y32XUZ_4uEfOyk-F7h1RjKhfKlVSmFsn_fFxGVjAWapCeQPR6nAZD0Eyz6z6DDRnwVahsR-zSCQK0%3D&xkcb=SoDL67M3DbSnM5wHFh0GbzkdCdPP&fccid=62e4a30aef88fcc5&vjs=3
Web Developer,The Game Storm Studios (Private) Limited,/rc/clk?jk=b8ff85f739607394&bb=OzRkXObXyOVjEJvOHP-lZl0K2N-b2K62TVgY3Bnt2uXEZ1SjFxA45Rao4zeZ-KNiGN0_MgJ406jOtNlDku6yx2fLDGJfWeauBeoX4H1I5Ok%3D&xkcb=SoBW67M3DbSnM5wHFh0FbzkdCdPP&fccid=ac488806f4cef1d9&cmp=The-Game-Storm-Studios-%28Private%29-Limited&ti=Web+Developer&vjs=3
Associate Software Engineer (Web),VentureDive,/rc/clk?jk=45b815ae31bd6e4e&bb=g-ajXkrL4DRONAKyZB0IDIHwAX1Xqxq51lvKX9ArYJCfvHI6L0r2XeFggY2bPNkeU9YYFkmlfRtzPd01T-T9Z9oHQU71VZHuuB1MZ04uomg%3D&xkcb=SoAo67M3DbSljbQHFh0LbzkdCdPP&fccid=450ae32b55eb2102&vjs=3
Sr. ML Engineer with LLM & OpenAI Expertise,RemcoSol Technologies,/rc/clk?jk=97319a15bf8f7907&bb=g-ajXkrL4DRONAKyZB0IDOwpMCTz8Xeia_UGt8KUbBQ56NMVr3tIfCb0uD7xD4wCDCCRmAqh54cFVZ1ksbTKxgMK5wY0gwCZ13gfcCXUAE8%3D&xkcb=SoCc67M3DbSljbQHFh0KbzkdCdPP&fccid=cc50b43b30188813&cmp=Remcosol-Technologies&ti=Senior+Engineer&vjs=3
Team Lead Sales,Industrack,/rc/clk?jk=3ac8dc8c024f3f8b&bb=g-ajXkrL4DRONAKyZB0IDBUD75AauowP0iqT8-pq35DMzAZUfxAzsNCtk3w1oG-Ff318eIPJNvCXoEVQ0YrVWAWmvFTKONvxUI_7X8E59Tc%3D&xkcb=SoAB67M3DbSljbQHFh0JbzkdCdPP&fccid=309d6123bf69fb7f&vjs=3
Sr. Data Architect,RemcoSol Technologies,/rc/clk?jk=2639b87c2f03d466&bb=g-ajXkrL4DRONAKyZB0IDMr33kGSKjgHKewKB0kipcTYgkj5hXXvYbdCzI1l50U1EHFv_vAW_0Ged7BDUiNPcloPJW1az3ogACXYQMjcZ8E%3D&xkcb=SoC167M3DbSljbQHFh0IbzkdCdPP&fccid=cc50b43b30188813&cmp=Remcosol-Technologies&ti=Senior+Data+Architect&vjs=3
Software Quality Assurance Engineer,Healthwire Private Limited,/rc/clk?jk=871f9ae649024127&bb=g-ajXkrL4DRONAKyZB0IDFakhbe9Ad8hHhAVO1Frl5TcgI2TUGRz1ahPWuYdORbLe5j0JI1lG-ZInPnUMMwuuVOEs9U24R4OoICeSOk5oXI%3D&xkcb=SoA767M3DbSljbQHFh0PbzkdCdPP&fccid=e1689a24d245ce4d&cmp=Healthwire-Private-Limited&ti=Quality+Assurance+Engineer&vjs=3
Project Officer,CRSM consulting,/rc/clk?jk=cf56875daa49176d&bb=g-ajXkrL4DRONAKyZB0IDNTfmleZlsBA-Q8kaApDg6y0zvRbUn3v0-AwILmFHqTDRHzC_pUVZJhup_09T72aFHazjUZb7WH6vT_MgSyEaHc%3D&xkcb=SoCP67M3DbSljbQHFh0ObzkdCdPP&fccid=afac96fad95eab1a&cmp=CRSM-consulting&ti=Project+Officer&vjs=3
Grant/ Proposal Writer,Poverty Eradication Initiative,/rc/clk?jk=d0789216ccb7314d&bb=g-ajXkrL4DRONAKyZB0IDFFpghVyhfowBUErK5voqAavrg05pKv2kP2fo5do4veYROzzi0PZXBOsRUeZxQ2nPdSsUn0c_ag5skC2xLes0fU%3D&xkcb=SoAS67M3DbSljbQHFh0NbzkdCdPP&fccid=ac0562c42caa758f&cmp=Poverty-Eradication-Initiative&ti=Grant+Writer&vjs=3
Data Engineering Technical Lead,Algo,/rc/clk?jk=2311e7558a213630&bb=g-ajXkrL4DRONAKyZB0IDChGnt8wrCkRhGCMjvEVMTFKMgHl3_SrvkTBG3x3_Yw-gsCZOO2km23UsCiULY0CvhcBQd7c_EoZ_rr1WV5OaeI%3D&xkcb=SoCm67M3DbSljbQHFh0MbzkdCdPP&fccid=0bafe05dff4e9011&vjs=3
DotNet Developer,Unionlogix,/rc/clk?jk=1d98fee8a3689e60&bb=g-ajXkrL4DRONAKyZB0IDKbUoP4Ni5gSpPadOOoEvNf_hnxLhEUbERBLocqeTykfNo93reomd0U_08JGpdXDRLr5Mow6rmmLdZS864_CFws%3D&xkcb=SoBP67M3DbSljbQHFh0DbzkdCdPP&fccid=2b07e4c2d7334ed2&cmp=Unionlogix&ti=.NET+Developer&vjs=3
IT Technician,brilliant mind events,/rc/clk?jk=0521fb993388bdfd&bb=g-ajXkrL4DRONAKyZB0IDHCpReZcX0Te-i0x0jnD79M8kDBQd-lR9kIxRPWFTpz_Wk_Ubjale5sGoD_J4QH74zyOXL38xiKyH5jaI0a377A%3D&xkcb=SoD767M3DbSljbQHFh0CbzkdCdPP&fccid=3c3dcdaab858d96c&cmp=brilliant-mind-events&ti=IT+Technician&vjs=3
SOC Analyst,PremierBPO,/rc/clk?jk=e141cf156ff1e783&bb=g-ajXkrL4DRONAKyZB0IDDJHfr96BcwPn2UWtANld0HiUyWYX8sI2xfzqbibJO7kZ_xeGo_NlXEH55fyFWJbzeruYE2-2JUz3P1j6VUESDA%3D&xkcb=SoBm67M3DbSljbQHFh0BbzkdCdPP&fccid=db33a421596bbc0b&vjs=3
Senior Data Scientist,FiveRivers Technologies,/rc/clk?jk=73dd1b0713e638b2&bb=g-ajXkrL4DRONAKyZB0IDNidq2z4wXObzoucmJNb3LDR2FwdlShF5qCagm5PZ1oM5IC4J-8kvtEGJKvIOrUyDfNcWMQuubr2_LXw4cFO7_8%3D&xkcb=SoDS67M3DbSljbQHFh0AbzkdCdPP&fccid=f9d022db1144d466&vjs=3
Intern,Systems Limited,/rc/clk?jk=f41a9af086fa3f6c&bb=g-ajXkrL4DRONAKyZB0IDOGPEZTclL8_LQwd9w5IB5YZqPMi2vj8oRhS9nGK25_uXhHlmRc4wjPQP_RzzJbRayEg3eFvztq2z5SEgpMtXBU%3D&xkcb=SoBc67M3DbSljbQHFh0HbzkdCdPP&fccid=513d00e337655aaf&vjs=3
SaaS Product Associate,Programmers Force,/rc/clk?jk=f0e2c231909e6982&bb=g-ajXkrL4DRONAKyZB0IDBYQ7tDfQylwpiI0MjcQxWDgjPVZtTJe_qgtj12832NnDyoP9eZcxOo3KQqxfTsbyIzKNe46iK3FBenuT367SS4%3D&xkcb=SoDo67M3DbSljbQHFh0GbzkdCdPP&fccid=f966d106283e1355&cmp=Programmers-Force&ti=Saas+Product+Associate&vjs=3
"Team Lead, Customer Care",Cloudways,/rc/clk?jk=fcc5dd0367dc01c0&bb=g-ajXkrL4DRONAKyZB0IDIEAf1jU4mZ1xouU23srnmZrjVsLr-uKQLtjIFLXHNNi1s_NBiARErBLyqqGeIc5YWIYLDsFb25juN9Ay1MJqKU%3D&xkcb=SoB167M3DbSljbQHFh0FbzkdCdPP&fccid=d12db5307f165346&vjs=3
Intern,Systems Limited,/rc/clk?jk=f41a9af086fa3f6c&bb=uKW6pxQWmMhavIRm9GAppBo3lllk5z7beGa3_XfgHkm50gzJjImt3QlZBu4piW231jr892rHwFPsVN8WSGK_T2oOe5ltLYlSxMuJfjE15u8%3D&xkcb=SoAK67M3DbSkXzwNHx0rbzkdCdPP&fccid=513d00e337655aaf&vjs=3
SaaS Product Associate,Programmers Force,/rc/clk?jk=f0e2c231909e6982&bb=uKW6pxQWmMhavIRm9GAppLQiEpn11-3cADunnGOxarR8aDOQqT6i_aVxJqFpWvM5E0dVmtOeRBBZ1v8iUnVlBP_5a-SciBQUd_IW3qoJsNk%3D&xkcb=SoCX67M3DbSkXzwNHx0obzkdCdPP&fccid=f966d106283e1355&cmp=Programmers-Force&ti=Saas+Product+Associate&vjs=3
Medical Service Executive,HRSG Outsourcing Pvt Limited,/rc/clk?jk=6562ea9550c445a6&bb=uKW6pxQWmMhavIRm9GAppEbtZzk1bi7URmgTaw94qHuFT3CJ2OH6tIofOgb1Vjd3ZCK7DhJwehHXj0C6JOOw77xKY9APuKlGnSHsQvLjvT8%3D&xkcb=SoAw67M3DbSkXzwNHx0tbzkdCdPP&fccid=9a07d49b07dd2c03&cmp=HRSG-Outsourcing&ti=Medical+Sales+Executive&vjs=3
QA Intern,Techolution,/rc/clk?jk=2323c247a31ddf68&bb=uKW6pxQWmMhavIRm9GAppB3V6q6AHNElhm2l36BBlmuRxJUntzRv7tc3NP1_CfL-skpyiVauSEv36fpdctQrJ0rWrasxEraXfWXKW95HqT0%3D&xkcb=SoCE67M3DbSkXzwNHx0sbzkdCdPP&fccid=028adebd983072d5&vjs=3
"Data Collector (Rota Virus), Department of Community Health Sciences",Medical College,/rc/clk?jk=d83c971f80654b36&bb=uKW6pxQWmMhavIRm9GAppFmpCh2bExYk7zSkMgTN1OCVyz_CsPhvXC4CH1zMTGyErbfa9c0QWNO-ctNcJwKSCWWaUfbER8S3RXqm90GRUvI%3D&xkcb=SoDZ67M3DbSkXzwNHx0ibzkdCdPP&fccid=640dca9eb5ac7545&vjs=3
Data Analyst,Acgile (Accounting & Bookkeeping Services),/rc/clk?jk=77118eff1a0681fe&bb=uKW6pxQWmMhavIRm9GAppEz7rDUQIyQitACkAi8GbKWh0RStKCdWn8Fa7sE2j1hS_2y7RxAAntfb06-SRWcHyjTTmdOuhyGx1U63I-EwlSU%3D&xkcb=SoDw67M3DbSkXzwNHx0gbzkdCdPP&fccid=366ac4816737a06e&cmp=Acgile-%28Accounting-%2526-Bookkeeping-Services%29&ti=Data+Analyst&vjs=3
"Officer, Accountable and Inclusive Programming (AIP)",International Medical Corps,/rc/clk?jk=c9f57b197b2dbe34&bb=uKW6pxQWmMhavIRm9GAppIhv7Eje6kgOH2yHbPDBZ_HTW94bG6PIZ3EqFiCIV7DkEgg4HdP4bm1P6TqfGiuyluO_mUYZffLTDUKLFCx8v9I%3D&xkcb=SoB-67M3DbSkXzwNHx0nbzkdCdPP&fccid=cfd70e6089d9b527&vjs=3
Full Stack Developer (On-site),Centrox AI,/rc/clk?jk=b57d83b770076eda&bb=uKW6pxQWmMhavIRm9GAppLPbeUxUGNa69JRQccOQxOSuQipAKBNQDf0dPswJJMSMA0uUrWG3AbDcml6lFzbVty90efIVAl9K53Rxl59TWPk%3D&xkcb=SoDj67M3DbSkXzwNHx0kbzkdCdPP&fccid=880613ff3fa7a664&cmp=Centrox-AI&ti=Full+Stack+Developer&vjs=3
Videographer,Septem Systems,/rc/clk?jk=4f8f6dc8e5594753&bb=uKW6pxQWmMhavIRm9GAppLuYS1P65w-a3HYBY1CXJ1MIKl3AEiv-4sSSa093iZrWWNilR4Z8PHEIfdOyMEC9R_Zs1d7tmh-garKhVAtVKOY%3D&xkcb=SoDE67M3DbSkXzwNHx07bzkdCdPP&fccid=bdab220e10f08524&vjs=3
Business Applications Specialist,METRO Pakistan,/rc/clk?jk=959345cf673e1c71&bb=uKW6pxQWmMhavIRm9GAppIMOmFx7vwphwii6bS8RmAIQF1UOgWg4AWc1cGMxX4LFfY2VCaVIsVXFj7mZ6K2mmJrWefHKROK9RZc2nQXKWGM%3D&xkcb=SoBw67M3DbSkXzwNHx06bzkdCdPP&fccid=9b694505b16f0f23&vjs=3
Data Analyst,NCRi Inc.,/rc/clk?jk=b51116c2f7fc76fd&bb=uKW6pxQWmMhavIRm9GAppDKdccD6H_OSz65eemjgqsA6D9OgilxDt4Y35yl10ajwgctB2sqbkYAX83R5FCTfn1w5PKyugFUnsiHzwAYdcEU%3D&xkcb=SoDt67M3DbSkXzwNHx05bzkdCdPP&fccid=5bbd4038349ec256&vjs=3
Python Developer,Meptics,/rc/clk?jk=f0327ab0148eb65f&bb=uKW6pxQWmMhavIRm9GAppIg7ziPkpaq7ShG2wffAL2tUA0VQcMpoxh93REnrlRViQYvUD3FEgLLQu3ONvWaK78ySkVd6Mmur3n2yehhNlPQ%3D&xkcb=SoBZ67M3DbSkXzwNHx04bzkdCdPP&fccid=26d50d107fb7131e&cmp=Meptics&ti=Python+Developer&vjs=3
Fresh Software Engineer,Techcreatix,/rc/clk?jk=9f71d1af31a0623c&bb=uKW6pxQWmMhavIRm9GAppCflZrCiaKcvHo1k55sCVFDSuJJNV8M_fPCKlZdyJe9mDh0QLRGBbOEboehKZ1J_7bayEMzS8R3UxcJ-IkHUz38%3D&xkcb=SoDX67M3DbSkXzwNHx0_bzkdCdPP&fccid=b47babe5af7eb5f4&cmp=Techcreatix&ti=Software+Engineer&vjs=3
Machine Learning/AI Engineer,Smart Placement (Pvt) Ltd,/rc/clk?jk=0140c08a7a3ef07a&bb=uKW6pxQWmMhavIRm9GAppAAnyQg4tr49vIYXpIXDKX_EHq80V6p3in2Rj2DsTtx4R6ke7ifTpOGei3pQPC9vVzZWdRBAtfsG6bO2M0Cp6g4%3D&xkcb=SoBj67M3DbSkXzwNHx0-bzkdCdPP&fccid=8d2c4609b71b6afd&cmp=Smart-Placement&ti=Machine+Learning+Engineer&vjs=3
Technical Content Engineer (Islamabad),Educative,/rc/clk?jk=f27a3de673c7f69b&bb=uKW6pxQWmMhavIRm9GAppMwyz1Nlqsg71GrZHgijqg2Iely1_RhzxAC99WW94tdUPaaVmG1VNLK289b_E2dr2OOb-dT1z86hzcIYrDn8d1A%3D&xkcb=SoD-67M3DbSkXzwNHx09bzkdCdPP&fccid=2e52b88ef5d953aa&vjs=3
Fresh Software Engineer,Techcreatix,/rc/clk?jk=9f71d1af31a0623c&bb=oeC_0pygPXo8WBuOtxIK8ZeOSnT7YG9jctDUYnjMIAxWnlhJo9srDICOBllFLBjlqge8FoPcFqeiZiDdy2OCfI_c-PgtfJteYU4sYuMbVsY%3D&xkcb=SoBR67M3DbSjezQsTB0LbzkdCdPP&fccid=b47babe5af7eb5f4&cmp=Techcreatix&ti=Software+Engineer&vjs=3
Machine Learning/AI Engineer,Smart Placement (Pvt) Ltd,/rc/clk?jk=0140c08a7a3ef07a&bb=oeC_0pygPXo8WBuOtxIK8cAXD2sox0lZcrx6ugJ6DOLRxr8bV5L5HRM0_3aZTBEYfMlyAXUVeabf5254hmeg6c-xENR0xvJxHxyOhwIu-ZQ%3D&xkcb=SoDl67M3DbSjezQsTB0KbzkdCdPP&fccid=8d2c4609b71b6afd&cmp=Smart-Placement&ti=Machine+Learning+Engineer&vjs=3
Data Scientist,Cognitive IT Solutions,/rc/clk?jk=84d37ef3264fe853&bb=oeC_0pygPXo8WBuOtxIK8T_Mz3AG25r6i-twMHTKGEQC-CcIq3HG0XhNfvWa5ScrVG7RnOzEhgs80ntg3nuLLdFbqBHNHtsuLt-r5ZV-x38%3D&xkcb=SoB467M3DbSjezQsTB0JbzkdCdPP&fccid=5780812520466659&cmp=Cognitive-IT-Solutions&ti=Data+Scientist&vjs=3
Crypto Data Scientist (India Remote),Token Metrics,/rc/clk?jk=4378e2fd73e531b4&bb=oeC_0pygPXo8WBuOtxIK8eh0BgbmHmtxsHmdqqMz57jQ-W0yC_VkelR2iCeyIqeirzSXhEo7BwfZEnobcKbdMGWyL0GP_BVsqyWxbWs_GsU%3D&xkcb=SoDM67M3DbSjezQsTB0IbzkdCdPP&fccid=bdb6ed382ffe4a54&vjs=3
Django Developer,International Call Centre,/rc/clk?jk=5891d488ac69a869&bb=oeC_0pygPXo8WBuOtxIK8a8fTSwTVFf7XJrzpBZ8V5jXlojnm2XfdSGpuKeMTyGAiymVgJBL_2hruMmsvkTyFjkJs-d_7PJ4gDktEyfT16w%3D&xkcb=SoBC67M3DbSjezQsTB0PbzkdCdPP&fccid=eb5a66148ac56c34&cmp=Hashed-Sysytem&ti=Developer&vjs=3
Associate Product Manager,PakWheels,/rc/clk?jk=0126d2e5235085ce&bb=oeC_0pygPXo8WBuOtxIK8UDM7ucC-pASiOb0sc3GO6AiQNEGQXcJ12aTUqGbG8_4uK2LnBxjUPTNlB4z-9_ie3sqnvKYxeC9AlGFtHnRclM%3D&xkcb=SoD267M3DbSjezQsTB0ObzkdCdPP&fccid=04963aa30de3a50e&vjs=3
Software Engineer,CureMD Healthcare,/rc/clk?jk=15898659a28f6cf6&bb=oeC_0pygPXo8WBuOtxIK8QgQhhlEWcb4Hc76ua2a7mXt0yrGE7rLWKYOfukCFb5UplojwBPOQZgaQN1BjADM1hKwF_ay3unzhnu8zQxXOnQ%3D&xkcb=SoBr67M3DbSjezQsTB0NbzkdCdPP&fccid=31d158ce3cec7a12&vjs=3
Frontend Developer (React+HTML),Kwanso,/rc/clk?jk=c4dab61a7dd25343&bb=oeC_0pygPXo8WBuOtxIK8Rxes97wQ0ldaZRwdjbSQm8z2ALyFFRkDMNGbtYLNWo_WH1-JFIqpSHT89_tip0E3Pp3Uv9J_5y2tQ_knCW8uj4%3D&xkcb=SoDf67M3DbSjezQsTB0MbzkdCdPP&fccid=53ee85d4388e014d&cmp=Kwanso&ti=Front+End+Developer&vjs=3
Mid Level Data Engineer,Fusemachines,/rc/clk?jk=e4a4cff7a7054a9b&bb=oeC_0pygPXo8WBuOtxIK8WpCcflFN5WNevASkHN779jxXFQsQAqQ1tqmYuUb1EO-fnvCf3DTyMWjedR4wmK7Hx_kpl-ggrFchYUHjoI9TrI%3D&xkcb=SoA267M3DbSjezQsTB0DbzkdCdPP&fccid=b711a2a28448b767&vjs=3
MS SQL Server Developer,Nowasys Services,/rc/clk?jk=ad5a22f71d1f25c3&bb=oeC_0pygPXo8WBuOtxIK8fIb-XArDP3g28b0yofikvCOdLAzlVYi8F2Q3tETn8Gv19m2FOq-j20ggl_I7X9VMzpqNE4L5jKcU_gnffLJVjw%3D&xkcb=SoCC67M3DbSjezQsTB0CbzkdCdPP&fccid=d4d5a2da58a8880e&cmp=Nowasys-Services&ti=SQL+Developer&vjs=3
Content Writer,Adequate Solutions,/rc/clk?jk=bbb035aab660cf3b&bb=oeC_0pygPXo8WBuOtxIK8QkfxH60mlDu_RtLDFYZ3XrZ_19E8Qm9tHJt49eDgZDGuqD8WPei1Xxs0gXW77-fV4A8utMlFR5g9ikpsPikg-M%3D&xkcb=SoAf67M3DbSjezQsTB0BbzkdCdPP&fccid=b6ef26ed0bb4ee47&cmp=ADEQUATE-SOLUTIONS&ti=Content+Writer&vjs=3
iOS Developer,SoftCircles,/rc/clk?jk=8f19b5a9f09befb2&bb=oeC_0pygPXo8WBuOtxIK8ffmETDICcr2XbHIUWC__E9YWwqMX0fWfLuUkpuAvzrKtPvWXhrDCD8zOj_EVbZ01UxzPnla9fps9uPQayRt0Tg%3D&xkcb=SoCr67M3DbSjezQsTB0AbzkdCdPP&fccid=c3f6018fe0973a26&cmp=SoftCircles&ti=Ios+Developer&vjs=3
Business Analysis Executive,Leverify,/rc/clk?jk=60e1470d9db589d3&bb=oeC_0pygPXo8WBuOtxIK8SEysYiuuWGgR2KB6v27ryZIYiMoyv0wCuikNUkC-vBhKbmzK9zLXD2j3iHDXWIR-EtHiC2sInadfmQMS1UYzEA%3D&xkcb=SoAl67M3DbSjezQsTB0HbzkdCdPP&fccid=56372c1534d4ede0&vjs=3
Oracle APEX Developer,MindsOn (PVT) Ltd,/rc/clk?jk=9e58ba50585e741c&bb=oeC_0pygPXo8WBuOtxIK8YpdEbR-zj538Odu2To_cHfbwbrHMSr2FXyq5LaRAYybmw2qMIS9NjmbJ9u73Y_hDr_Ev7I3HaawxfXz4nchKlI%3D&xkcb=SoCR67M3DbSjezQsTB0GbzkdCdPP&fccid=6a606c29197b52a8&cmp=Mindzone-PVT&ti=Oracle+Developer&vjs=3
Tableau Reporting and SQL Expert,Starzplay Arabia,/rc/clk?jk=f4d290217ddcd570&bb=oeC_0pygPXo8WBuOtxIK8e46Bkh-xVKwDiEDoLK5S1MABSfCxOdAgb3k1JkjeuFQ50CLmfNfq35zfjvtAiynaW5ZRnvUvElblhpElswc6Pc%3D&xkcb=SoAM67M3DbSjezQsTB0FbzkdCdPP&fccid=1188e4e6d28c4f9d&vjs=3
Business Analysis Executive,Leverify,/rc/clk?jk=60e1470d9db589d3&bb=7BcSS7wxLPTFX7ef9yOH66aGo2wWymZ-ZLwW3WwZbVA0pyUbrwUOcrzAdUyDcsytJgq9P593rdPZEwItt3oDouvXmJBUOxCVEJmuA_nPFM0%3D&xkcb=SoBP67M3DbSipFwHFh0KbzkdCdPP&fccid=56372c1534d4ede0&vjs=3
Oracle APEX Developer,MindsOn (PVT) Ltd,/rc/clk?jk=9e58ba50585e741c&bb=7BcSS7wxLPTFX7ef9yOH60R-8wCJay2SQ2ptyXOaZydENKSo5M7sd58YnevusbY9YcJda9LyuJF96CPtRqlVpkiC6YmcXCj8wtKg4XrL8W4%3D&xkcb=SoDS67M3DbSipFwHFh0JbzkdCdPP&fccid=6a606c29197b52a8&cmp=Mindzone-PVT&ti=Oracle+Developer&vjs=3
Business Development Manager,PetroRisk,/rc/clk?jk=09039208040c5d14&bb=7BcSS7wxLPTFX7ef9yOH67bWXuKIqF5kppW5Qq4YZ2rL_P6KH_IcL36MmJhQkFdOIOLWOSy3N5DHdKRzGTf3_9qejy_MVJL_xxGc7uJQsVQ%3D&xkcb=SoBm67M3DbSipFwHFh0IbzkdCdPP&fccid=01732797e92a0f6a&vjs=3
Project Officer - Monitoring and Evaluation,CAB International (Regional Bioscience Centre...,/rc/clk?jk=ca0fb09c12de9260&bb=7BcSS7wxLPTFX7ef9yOH60R-8wCJay2SeiTA9MQhuHcew1oZriWCo86R3oEZw3TzMMLSeEEZw3WFIO_BxiGUnGbwQzx4BLxOONi0JQ6PVxE%3D&xkcb=SoDo67M3DbSipFwHFh0PbzkdCdPP&fccid=dd616958bd9ddc12&vjs=3
Machine/Deep/Reinforcement Learning Engineer,DGB Technologies,/rc/clk?jk=503250987b0a8d0b&bb=7BcSS7wxLPTFX7ef9yOH63gpLPiWNvbZFDswHUsyELZ1V097K7irB3rpYh-yzTIoQQwkRZjD2FwwKi59N4LdR4oRKqtM-Sz7wQgYda6BXGY%3D&xkcb=SoBc67M3DbSipFwHFh0ObzkdCdPP&fccid=96fe871514a433ee&vjs=3
Project Coordinator,"dinCloud, Inc.",/rc/clk?jk=8d1483e9bc5f2998&bb=7BcSS7wxLPTFX7ef9yOH68KKilbYWEPG5s3Vl885xSyTlrELA7dRxdeI40-HECCF_3jLLov4Zvl8MCjPh_0pSitaVO07wb4aBDwJgMJVqdQ%3D&xkcb=SoDB67M3DbSipFwHFh0NbzkdCdPP&fccid=4152993ae30e79fa&vjs=3
Mobile App Developer,Codrivity,/rc/clk?jk=f131cf200ed26592&bb=7BcSS7wxLPTFX7ef9yOH624N1WHfOODoss_qL8dValmVMRQU--tbJTFFy-QBROiQs0dTVn946nMk0t8papPa3OnHeHgKupSZ94QmOZQRIZs%3D&xkcb=SoB167M3DbSipFwHFh0MbzkdCdPP&fccid=f6a77056cbf28402&cmp=Codrivity&ti=Application+Developer&vjs=3
Data Engineer Team Lead,Gallopade International,/rc/clk?jk=2b6dfc3c0d8360c5&bb=7BcSS7wxLPTFX7ef9yOH68s5Gor3BesvH7OBOXs1asDnmEfMoDA-ZGlfEn5RraNb_jG3KgpzfS4I1F8vZLdy6jwPkxNAb8dGlRKdivVhPYI%3D&xkcb=SoCc67M3DbSipFwHFh0DbzkdCdPP&fccid=2c5b063d5cdbbf1c&cmp=Tweety-Four-7&ti=Data+Engineer&vjs=3
MS Dynamics 365 - Trainee Consultant (Technical),Tech Ventures Global,/rc/clk?jk=21b0573ec2711d84&bb=7BcSS7wxLPTFX7ef9yOH6343_EKQC9ZG5mzdHkgLCkLHB7hZt63PmnPskSrO8QlyZLfEKIf0s01xxHLsV8ELg4vn5TQ1I5i7gnunZ1L_1WU%3D&xkcb=SoAo67M3DbSipFwHFh0CbzkdCdPP&fccid=ac494d3b97fd1829&cmp=Tech-Ventures-Global&ti=Technical+Consultant&vjs=3
Assistant Administrative Officer (Female),DANISH INTERNATIONAL GRAMMAR SCHOOLS AND COLLEGES,/rc/clk?jk=71d02abce9245d64&bb=7BcSS7wxLPTFX7ef9yOH677iUpK-2A_EJxVPh4Vjoq3WaXDY-YkZrUGJaH1Y9snoC0t7EN-KA5aVUjuIPDWw_sfU1IbAx4RFnN8Z2Ll7P5Y%3D&xkcb=SoC167M3DbSipFwHFh0BbzkdCdPP&fccid=f8607e3f2041ae10&cmp=HIFINET-SMC-PVT-LIMITED&ti=Administrative+Officer&vjs=3
Business Analyst / Project Manager,Compass Training and Consultancy Pvt. Ltd.,/rc/clk?jk=1a28ed2d111e71a3&bb=7BcSS7wxLPTFX7ef9yOH6ywcNjOaHVS78DOCQeZawIcleYz9VrTAPGGFYwAZ_wBdOvoZskfSxa6aT8rZw5uaWDy928yo23rF8VIwGe7bZHM%3D&xkcb=SoAB67M3DbSipFwHFh0AbzkdCdPP&fccid=f64073be555fa66e&cmp=Compass-Training-and-Consultancy-Pvt.-Ltd.&ti=Business+Project+Manager&vjs=3
Data Engineer-Data Integration,IBM,/rc/clk?jk=364615b13c948ec4&bb=7BcSS7wxLPTFX7ef9yOH60ese1c7Q-F1WJ4iOlq_nM_PZWhY1DmFWhnTvCJVrkp3SvfSTLmSFATesR4X0b5yB8NnAYecKU9FETHp-pkmj3A%3D&xkcb=SoCP67M3DbSipFwHFh0HbzkdCdPP&fccid=de71a49b535e21cb&vjs=3
Crypto Data Scientist (Remote),Token Metrics,/rc/clk?jk=5e86d0111df1c1c1&bb=7BcSS7wxLPTFX7ef9yOH6_UCukUuR8-GIPBbtHli0T13nvuhnpOI0-bpEe_zeiLx40XRDHbpFF7uEXaaCAXtTjfszSO5uiOhdKaSiARMcKo%3D&xkcb=SoA767M3DbSipFwHFh0GbzkdCdPP&fccid=bdb6ed382ffe4a54&vjs=3
Junior Developer,ARCLIGHT DIGITALS,/rc/clk?jk=a7ceef9bbf24a50d&bb=7BcSS7wxLPTFX7ef9yOH60n0co24Xt4i2QeBbyGcJVbsQpCedhddUk5b84xn5vajC3Vaj_kXI4vBPh9c0XgtGQCpQqX8Mh4s_eLyOik_kVI%3D&xkcb=SoCm67M3DbSipFwHFh0FbzkdCdPP&fccid=bcef0afc084f424c&cmp=ARCLIGHT-DIGITALS&ti=Junior+Developer&vjs=3
Full Stack Developer (US Time Zone),Cedar Financial,/rc/clk?jk=3f26b1f71de0525d&bb=7BcSS7wxLPTFX7ef9yOH63HhZRU-L9naIwjUT4cO0zlAkBr6jOYIOJfxzIsO3CADq8J-T3hH3qK_4QOXN6CnHlx3In9Kp9OO7pI8Npu5e5I%3D&xkcb=SoAS67M3DbSipFwHFh0EbzkdCdPP&fccid=eb9ce6feff57bb77&cmp=Cedar-Financial&ti=Full+Stack+Developer&vjs=3
Executive Assistant,Mac Care,/rc/clk?jk=5d4c82b5d7ec0819&bb=b_d6gTXXGdqL0XxQMUrPmhdLyavmvb_2PRojZZOnKRovJ9-B1NSD5DSJqMgjRBqMTpfanzP-ERvckZB4c1xn7W4vSWs5BHsaxGoM4zKaXWo%3D&xkcb=SoBJ67M3DbShibwHJZ0LbzkdCdPP&fccid=dfe40724cbf95fd6&cmp=Mac-Care&ti=Executive+Assistant&vjs=3
Cyber Security Engineer,SK Smart Solutions,/rc/clk?jk=9dad7d5025d3db25&bb=b_d6gTXXGdqL0XxQMUrPmj15oGzujaAFT1geRKW59xGzy_3cy_xSUCWnVqQqTzJiDZRWVD7K3Xnx2Y_lmyb4Dr3uUgDa1pnnj2IH_9oKLtk%3D&xkcb=SoD967M3DbShibwHJZ0KbzkdCdPP&fccid=cc7c8e7007b729d5&cmp=SK-Smart-Solutions&ti=IT+Security+Specialist&vjs=3
Trainee RPA Developer,Tekvaly,/rc/clk?jk=676f4fb0a7b4f86d&bb=b_d6gTXXGdqL0XxQMUrPmnbcUZKivSSVphh7yKxpu_Gvx3klRjsyPv1i-QHE3ALORYXd7op58xYSfVVFy_Wgq3XXVSaItyYDPNRDwt8gViU%3D&xkcb=SoBg67M3DbShibwHJZ0JbzkdCdPP&fccid=80ef562ee47dd2db&cmp=Tekvaly&ti=Developer&vjs=3
Software Engineer,Caramel Tech Studios,/rc/clk?jk=f294e075fcde477d&bb=b_d6gTXXGdqL0XxQMUrPmrn-MA5lJ-01AhteTA7RcbbQo5JtwoFALWOD5jOiKYAwUTi5senAvR3AF4zl_hMHNrUuqfmtmHL4-mLcpGfQJag%3D&xkcb=SoDU67M3DbShibwHJZ0IbzkdCdPP&fccid=85983499f75d376c&vjs=3
Sr. Database Developer & Administrator (MicroSoft SQL),Autymate Technologies Pvt Ltd,/rc/clk?jk=8735d57b91417b96&bb=b_d6gTXXGdqL0XxQMUrPmqxvzx4HK26fs4gDMq2XI7LVrO4Ki3-NO5ocOkwdOlUJjnJ3H8NZGk17KpvhHYIuRWBm655XGp6fAB2s1Z0RBAM%3D&xkcb=SoBa67M3DbShibwHJZ0PbzkdCdPP&fccid=e7e3d29c0f1a11ea&cmp=Autymate-Technologies-Pvt-Ltd&ti=Senior+Database+Administrator&vjs=3
Assistant Manager IT / System Administrator,Kohistan Builders and Devleopers,/rc/clk?jk=81c2e660f557d24c&bb=b_d6gTXXGdqL0XxQMUrPmg-1vuuOm9a6VgxSazRhKvMeKl2oIFnQQ8uxYDNfPmAe6vXLx4DnXIX-k0ytJ5xq9xZtGRf9Yjkc96M8iR4eQBM%3D&xkcb=SoDu67M3DbShibwHJZ0ObzkdCdPP&fccid=412294d4d649be7b&cmp=Kohistan-Builders-%2526-Developers&ti=Systems+Administrator&vjs=3
PHP Laraval Developer,Nowasys Services,/rc/clk?jk=16911ea675e74d1f&bb=b_d6gTXXGdqL0XxQMUrPmiGhbwhuiPMen3KCSbRbK3rWHMviDBdVE4rDH3nZBqcdwIFU8s7l5jynVe7N0XNmflzDzj_nknIPAY8eXwBiTF0%3D&xkcb=SoBz67M3DbShibwHJZ0NbzkdCdPP&fccid=d4d5a2da58a8880e&cmp=Nowasys-Services&ti=PHP+Developer&vjs=3
Junior Full Stack Developer,Code Hub Systems,/rc/clk?jk=50fde2a65320fcb7&bb=b_d6gTXXGdqL0XxQMUrPmhYQN1NP8goLolipSZPmLqq32b3KTIT93JFVjuQLvrj3v7lEltveZQESH0gYeRaVTjFHGBAy1qZoM-kXlrQ73WM%3D&xkcb=SoDH67M3DbShibwHJZ0MbzkdCdPP&fccid=60dab278304bb7f9&cmp=Code-Hub-Systems&ti=Full+Stack+Developer&vjs=3
Lab Programming Instructor,Software House,/rc/clk?jk=2587be67028ca39b&bb=b_d6gTXXGdqL0XxQMUrPmkfINqr3qU9RdjmgJrmKMReFndt5OH0eqhzcgYKuhzXvAb0v2fSGdfuR5Tu0LSP5_agLqHFJCKpaHwat9dlXI_s%3D&xkcb=SoAu67M3DbShibwHJZ0DbzkdCdPP&fccid=03bf9d00d13c6591&cmp=iSTEPc&ti=Instructor&vjs=3
Software Project Lead,Avanceon MEA,/rc/clk?jk=2cb2226c019cf717&bb=b_d6gTXXGdqL0XxQMUrPmkVh0pHOaZM4hdlu3UdNEPaEAHlIF-1YNKEktCoQugO_mZnPoCumQsY0XOPQ7w0KHiNDs1Ply8l1wO8wlpPKb34%3D&xkcb=SoCa67M3DbShibwHJZ0CbzkdCdPP&fccid=09ba960c1f252172&vjs=3
AI Engineer,NorthBay Solutions,/rc/clk?jk=c49719e52b787f4f&bb=b_d6gTXXGdqL0XxQMUrPmpYAMlyiVob8XM1tHRV9Ig0xIP_aWJfs326OnyP6EikB4u_csigZNMxPpsZ2cltpMZxFWVTEF1Y_Rm4LvD9DPYA%3D&xkcb=SoAH67M3DbShibwHJZ0BbzkdCdPP&fccid=b952098a23fde68c&vjs=3
Collection Specialist,Atheneum Partners,/rc/clk?jk=1714456a22f103a4&bb=b_d6gTXXGdqL0XxQMUrPmj4aCLmktojN0MFsc3l2a8iJ113WdC7fnrDiECl4namOe5N8FhiJx2Ypjr9PmTMiZa4veqP5AZgqvkX7CyKB3aA%3D&xkcb=SoCz67M3DbShibwHJZ0AbzkdCdPP&fccid=138c770075a091dc&vjs=3
System Administrator,e-MediCare Solutions,/rc/clk?jk=f0be6a635d182600&bb=b_d6gTXXGdqL0XxQMUrPmlZGij8W44tm_Vg1scyaRzgdKysKlB7rKa44S10y9wqnpRjulq9DuRpjcYyFqeNSjxRZO1lzLOFucdPTyrF5Gk0%3D&xkcb=SoA967M3DbShibwHJZ0HbzkdCdPP&fccid=62d2c00f33bbf932&cmp=e--MediCare-Solutions&ti=Systems+Administrator&vjs=3
SEO Manager,CureMD Healthcare,/rc/clk?jk=49d79822c0f9dbee&bb=b_d6gTXXGdqL0XxQMUrPmkFNe7jOU0HVbfTSniRuTQHnIORgdBWymkuD54Vuv9-W4WABJWSmzAZsIJ8AxEQ-6dz1aEoYdgVkUyogr1o4ecw%3D&xkcb=SoCJ67M3DbShibwHJZ0GbzkdCdPP&fccid=31d158ce3cec7a12&vjs=3
Node.Js Developer Needed,CypexSoft,/rc/clk?jk=00759933d83a7bc9&bb=b_d6gTXXGdqL0XxQMUrPmvueWSacH4fcSa0hzIKg4s5cZUna-tab-lGxKeVTH_bqRjwxZebHyBvD6r66FRggBySSGra2IwoqJqP6yJ6OSpY%3D&xkcb=SoAU67M3DbShibwHJZ0FbzkdCdPP&fccid=0a36b65740fc4faf&cmp=CypexSoft&ti=Developer&vjs=3
